	1	2	3	4	5	6	7	8	9	10
1	1904	1003	1322	499	1427	257	1443	1870	1949	150
2	597	355	136	1675	1341	191	17	1254	1313	1114
3	461	722	1426	1253	1194	146	271	1968	1010	597
4	811	1207	210	851	1665	1397	359	844	1351	929
5	1957	205	511	1685	757	826	416	374	1340	862
6	92	618	70	1072	199	1079	1616	1594	100	373
7	957	121	928	391	1573	65	667	271	1472	475
8	1277	911	402	60	1551	1952	1453	1060	1935	1681
9	860	895	730	350	1887	1703	1218	1693	1045	385
10	238	570	1486	824	1835	526	1104	1920	583	1633
11	249	1331	840	123	770	976	1930	365	324	17
12	192	667	532	1324	928	1407	762	1678	1573	1471
13	1185	1960	349	434	1398	1800	1584	805	1808	200
14	492	1302	1492	1563	693	369	892	876	1004	262
15	389	111	1812	468	186	1931	1803	332	1644	595
16	1993	469	1264	250	1523	1195	1733	637	1600	1570
17	943	1230	504	313	534	1326	1579	806	593	144
18	355	136	1084	1675	1	1254	996	617	1729	1114
19	1542	389	1975	751	1796	1115	468	332	490	1391
20	1704	1127	1564	290	226	53	1785	980	937	201
21	577	609	550	1937	465	856	29	1350	1002	154
22	190	1143	1841	1110	380	428	63	427	712	1628
23	606	1076	1730	1880	447	1753	1297	1544	1531	176
24	183	959	1990	588	1015	1005	1525	695	1576	135
25	1546	1098	1634	100	1664	1939	1575	1985	215	1567
26	231	1452	1399	1293	1553	1753	269	1390	1279	717
27	1190	1100	1752	272	1150	1810	1641	43	1352	869
28	658	225	607	1781	1738	1979	893	1896	1370	1048
29	884	1499	146	1968	594	523	1742	1452	1543	1040
30	20	609	550	1937	856	577	465	1002	154	853
31	1002	585	154	853	1707	1288	339	1132	311	1791
32	1911	254	1371	1262	1811	1047	1593	1382	1422	1646
33	932	1782	1729	467	717	905	1716	245	812	1498
34	1773	1830	969	40	713	345	1893	1638	528	1393
35	1091	851	1286	1846	1648	929	844	1228	1656	242
36	1327	875	134	1361	204	1249	541	781	1718	303
37	1174	1889	1919	793	619	1446	691	1852	201	632
38	1073	312	323	1032	1135	773	1058	43	1783	530
39	996	1307	1806	382	405	1490	646	1030	851	220
40	600	215	669	1939	65	271	532	631	282	957
41	1858	33	515	1390	1476	723	1053	829	213	1099
42	416	374	511	205	1685	1957	1340	862	848	1540
43	1395	724	1316	1322	1902	194	477	1870	933	184
44	1752	869	1352	1992	1190	1769	26	272	312	37
45	539	517	613	748	149	515	1554	1701	1007	1238
46	1355	1564	1098	1643	983	1951	604	1806	1634	1972
47	151	879	1461	133	1965	881	927	828	329	912
48	1376	627	1333	641	1178	125	1754	1983	1519	424
49	1942	789	64	1089	206	1041	61	1244	724	1490
50	112	971	444	507	166	345	1378	1238	1752	771
51	780	692	1398	785	733	1808	1960	349	1722	434
52	1592	568	1292	1372	494	874	464	237	1036	1158
53	816	1121	1240	1578	951	1380	1871	495	514	1739
54	327	473	1704	1843	1583	119	1537	1773	226	1034
55	451	1587	246	1858	1452	1870	632	280	1703	1390
56	560	676	1890	180	1799	872	1777	1021	1621	401
57	819	234	598	1777	610	1180	1798	1417	908	1621
58	405	1194	690	556	451	257	80	1256	1949	648
59	299	1860	222	1002	154	925	853	1707	1288	339
60	1319	1184	551	782	1427	1139	595	1696	731	1258
61	766	1629	1060	911	821	1974	1669	7	771	342
62	1469	1867	1446	691	1337	799	762	212	1678	1215
63	1513	670	1023	408	1723	356	1609	361	1420	1573
64	427	712	1841	1110	1143	190	21	380	428	1457
65	789	1942	48	1089	774	1502	171	531	1623	539
66	1939	928	391	356	1123	1573	6	667	121	271
67	729	883	1430	1243	1213	1475	1497	1140	498	1286
68	1802	1321	1419	721	1528	403	1148	1271	1049	760
69	387	199	123	106	461	961	546	932	1413	1030
70	844	1325	929	242	358	99	1233	1164	1263	1404
71	1594	92	199	1329	5	171	531	1623	618	1428
72	1346	1613	318	423	1118	1199	85	1473	1342	143
73	1002	154	1786	853	1707	1288	339	1132	311	1791
74	1400	1433	1878	685	621	562	168	1621	1890	234
75	188	911	270	708	1353	342	899	555	402	1453
76	1164	844	1228	625	929	242	358	99	1233	1263
77	654	1780	709	940	1405	136	461	231	1384	1585
78	1115	1035	1961	1715	1832	849	1817	751	1846	1819
79	412	1397	218	907	431	755	1620	575	659	1829
80	877	982	374	416	511	205	1685	1957	1340	862
81	1030	1194	1758	293	1607	1532	1315	453	451	1451
82	1490	1855	804	446	267	666	836	708	771	1681
83	1491	1425	1636	775	1430	318	450	1267	1044	279
84	490	1391	275	111	775	390	955	1217	1102	1128
85	370	1624	1821	142	1606	984	256	1181	1250	1626
86	1613	806	593	1712	318	1346	423	1118	1199	71
87	1252	850	1459	1998	1643	604	506	1333	591	104
88	1785	1212	1127	921	457	481	386	580	1105	226
89	1925	1494	91	1790	1871	495	1578	951	514	816
90	1251	844	929	242	358	1233	99	1164	1263	1404
91	1738	893	1778	1781	1048	1891	1354	827	871	225
92	352	1494	1925	88	1871	495	951	1578	514	816
93	5	199	171	531	1623	70	373	618	1329	1079
94	1370	1781	1048	253	225	1628	1778	607	893	610
95	1960	200	1584	805	349	434	1398	1800	12	1185
96	1595	629	1938	140	129	1677	1267	1011	1590	448
97	1807	1053	1426	723	1010	246	1051	1501	208	1723
98	1836	901	1464	1725	535	1698	858	1854	1431	1492
99	479	506	1255	944	854	164	999	1459	1564	1843
100	1233	197	1091	965	1670	1394	844	1689	929	242
101	1546	24	1202	329	891	1135	199	1813	5	618
102	1142	1511	1730	1524	447	282	1544	567	1420	1868
103	395	1177	300	219	294	1793	1933	1047	859	1589
104	1713	736	1671	570	1633	824	1681	1719	238	612
105	844	929	242	358	99	1233	1164	1263	1404	745
106	1261	1601	1684	1742	28	1956	1543	1040	206	1060
107	1904	1902	1182	199	567	1079	1594	1780	92	317
108	1844	128	1218	1554	1139	240	889	1434	1476	1361
109	1022	313	1509	1515	1326	578	114	1113	806	593
110	583	238	771	1375	1993	497	469	1264	544	265
111	1465	716	739	1489	1871	352	495	951	1578	514
112	1931	1812	468	186	14	1803	1391	775	1217	371
113	507	49	444	971	184	992	868	1186	854	1632
114	1663	1724	359	224	1251	1255	632	242	1917	758
115	578	806	593	313	1022	108	1326	144	1721	1509
116	173	351	1801	1517	395	1412	433	952	493	1334
117	1353	1385	1306	289	788	285	1450	747	87	1686
118	1746	1027	1157	576	945	335	422	663	1359	775
119	592	193	574	336	161	1328	169	1763	1583	975
120	1166	438	566	213	170	834	364	814	1772	53
121	1720	1547	656	747	1526	402	1353	1562	188	1270
122	1573	667	6	928	391	1880	1297	65	271	820
123	119	1109	516	213	1566	905	53	1963	212	666
124	770	461	65	1602	928	391	857	1573	6	667
125	343	1458	1783	975	1202	1451	206	1839	1253	146
126	1178	1983	1519	1376	627	1333	47	620	1754	424
127	1108	137	1272	859	741	676	1047	1672	1898	1878
128	912	742	966	292	1965	1970	1951	1956	326	765
129	1844	107	1218	178	1660	717	1969	1554	1744	1531
130	629	1938	95	140	1595	1677	1267	1011	1590	448
131	1011	1344	803	1666	1267	1590	1842	1884	279	536
132	149	682	890	517	551	508	274	1502	482	787
133	406	1556	720	1637	1196	1653	503	1530	1481	344
134	1951	292	1752	1095	898	46	1098	1965	542	1205
135	781	1327	875	35	1718	303	1833	644	1129	1853
136	833	1990	1015	880	864	1574	478	695	1735	183
137	355	1675	1	17	702	1254	1114	76	1210	648
138	1108	1903	126	560	1043	1281	1672	1898	395	1272
139	382	1427	842	1726	646	329	765	1114	1135	280
140	937	1612	1740	286	1704	1179	408	948	1182	1723
141	1685	1539	629	95	1938	129	1595	870	873	1677
142	688	414	1508	1766	930	749	865	726	1143	436
143	1712	721	984	1624	256	1199	512	84	1358	27
144	1899	569	318	1346	423	1118	1613	418	1199	85
145	313	1326	806	593	1022	1509	1136	108	578	16
146	783	1750	239	1992	443	1958	1109	481	158	1951
147	1968	28	591	1300	231	1279	1452	1553	1845	260
148	1807	1910	928	1758	149	391	1010	1426	1053	1440
149	230	395	466	1560	1990	1015	1695	16	1301	115
150	131	613	748	44	1554	1758	147	274	482	539
151	1443	648	1261	1427	257	1869	923	1949	0	1429
152	46	705	879	1461	1686	221	1188	842	1726	1639
153	187	185	296	322	1002	582	30	802	1488	1872
154	743	1843	1554	1583	574	1607	158	675	293	606
155	1794	1002	853	1707	1288	339	1132	311	1791	1364
156	1421	1076	597	670	1016	1053	1170	1297	1066	1169
157	1214	1120	1187	232	384	1479	965	841	1770	416
158	1589	1047	1436	1216	173	1043	1933	1496	441	727
159	153	405	236	145	1109	1016	57	1194	690	305
160	1893	596	290	713	969	1393	1830	1638	33	1552
161	1843	1607	1583	80	515	646	1427	1114	1066	1254
162	336	211	118	592	193	1099	213	1763	1090	1543
163	1630	1071	586	746	1401	707	737	268	264	790
164	1630	707	1713	1486	317	1071	1633	1526	570	746
165	282	98	215	101	1142	1260	909	1455	376	1103
166	1927	441	1821	395	1626	692	84	1303	588	183
167	345	1999	1378	1147	1186	1638	507	49	1996	24
168	523	171	531	1758	149	372	1554	592	224	653
169	1836	535	401	1875	73	1617	56	1734	1464	97
170	118	1328	975	756	1554	267	1583	646	774	149
171	1511	119	814	1543	1166	1730	1868	438	1470	336
172	531	1623	92	70	373	167	199	1329	1428	523
173	975	1499	1307	404	228	631	1502	138	1041	1776
174	115	1216	1334	395	1589	1412	1047	1933	157	294
175	1729	648	702	1222	1253	136	591	1923	1784	1260
176	1544	654	1407	1074	1594	1876	1569	972	1084	812
177	613	748	1769	1308	1131	606	447	22	1730	1531
178	476	984	1986	354	718	1614	882	216	1176	1536
179	1839	606	447	22	1730	128	1531	176	1446	1367
180	1664	482	632	1282	224	948	1235	1625	932	832
181	301	55	1799	561	872	908	420	1798	1857	1898
182	1877	729	189	863	448	1510	1483	397	1943	217
183	1483	448	1510	338	529	347	1320	181	863	1877
184	959	1990	1015	695	23	135	833	880	1735	1005
185	854	897	565	674	1220	1603	761	112	265	800
186	322	152	296	187	1943	1615	1506	993	1171	470
187	1812	1803	111	727	468	1931	14	1217	379	1624
188	152	185	296	322	1002	582	30	395	844	154
189	1547	656	821	1453	74	402	1270	1353	198	1562
190	181	729	1386	1842	314	1938	1018	1667	494	630
191	21	1143	1110	1841	380	428	63	712	427	1628
192	987	1341	1460	1393	1830	345	1	921	969	213
193	11	783	1651	1099	398	193	336	1132	161	1028
194	398	118	592	1651	336	161	1028	1763	1099	192
195	1395	724	42	1705	1316	1902	1889	1919	36	1139
196	1229	1598	1002	154	1273	1057	222	1350	853	1794
197	1287	1210	1300	601	633	515	17	208	652	22
198	99	1233	1091	965	1670	1394	844	1689	929	242
199	1669	656	1453	1547	821	1353	1060	1562	188	1662
200	92	70	1848	106	1329	68	5	1577	171	531
201	1960	1584	94	805	349	434	1800	1398	12	1185
202	1852	226	1503	619	1341	1446	1460	691	980	1577
203	217	338	529	728	1522	731	1488	181	863	1877
204	1220	897	1415	1835	214	570	1603	1566	1994	497
205	1361	303	541	1327	875	35	1442	134	240	889
206	511	826	1685	1957	757	4	349	374	416	1340
207	1847	411	1245	1804	105	1458	1456	1378	1366	383
208	266	589	1357	1989	1929	1497	1140	498	1414	1437
209	1581	1438	284	1051	1501	1845	1010	1253	1807	246
210	240	1977	1126	1259	781	1327	875	35	1159	835
211	1207	851	1665	811	1397	3	359	844	1351	929
212	161	1099	1752	213	987	1445	869	887	1702	191
213	1867	1446	691	1337	762	1678	1215	1839	1742	61
214	834	1166	119	566	438	161	211	1099	987	1702
215	1835	497	800	1415	674	203	897	795	1444	1220
216	1939	1575	39	1664	532	1338	1985	1567	282	1097
217	354	882	984	1986	718	1614	1176	1536	1973	1193
218	1522	338	529	728	731	202	396	993	1488	181
219	907	1622	659	431	78	1829	1304	1861	486	316
220	294	300	1216	1177	102	1436	395	1793	859	979
221	878	1309	328	1462	1234	1859	1083	558	1986	851
222	295	429	1514	705	1484	1686	1752	1061	1179	1917
223	929	416	374	299	1860	719	1002	195	154	58
224	1018	1482	1571	1565	1673	1497	655	1688	1267	1386
225	179	1282	1142	1625	113	167	101	1504	408	936
226	1048	1781	1891	1370	1354	93	1778	893	1738	27
227	481	1785	1127	201	1212	649	87	580	457	1034
228	1561	658	1628	1110	190	1781	63	712	893	1048
229	1847	672	411	1705	1612	1645	1406	1191	1742	172
230	1124	1172	756	1869	1025	455	22	1373	1632	1730
231	1828	148	395	466	1560	1990	1015	16	577	115
232	1452	25	1279	146	1438	1106	28	1553	1293	1585
233	156	1214	1120	1187	511	205	1685	1957	757	965
234	1323	1911	1827	254	1371	1409	1822	1611	844	31
235	56	819	598	610	1180	1798	1417	1777	908	1621
236	1810	1690	902	1039	1058	1825	1384	616	236	1222
237	1591	408	1723	1023	62	1588	361	1420	158	405
238	464	1372	1062	1036	1842	314	1592	51	1938	189
239	970	109	771	9	265	1009	497	1681	1719	544
240	1019	1627	1992	145	1972	1750	783	471	904	443
241	209	1977	1126	889	1434	543	1361	204	541	1259
242	377	1161	913	1296	374	416	205	511	1685	1957
243	844	1335	929	358	1233	99	1164	1263	1404	745
244	1987	1688	1078	1020	1149	848	416	374	205	511
245	1374	1888	308	846	1133	1198	998	1242	1305	287
246	1225	1783	348	1782	32	810	905	1716	812	717
247	1426	1010	1807	1452	305	1279	1703	1495	1647	924
248	1947	1572	815	894	1402	962	1454	1994	1125	1547
249	1729	1044	1051	1501	637	1581	408	350	1438	208
250	10	1959	87	608	652	762	123	944	191	1068
251	1600	931	1523	1086	1913	1195	1935	815	415	1815
252	1498	740	1612	1904	1848	948	393	1204	1241	1329
253	889	209	1797	1980	781	1327	875	35	835	1159
254	93	1370	225	1628	1738	610	1180	1417	1369	27
255	1371	1911	1593	31	1409	1323	233	1811	1382	1822
256	1183	1418	1480	1049	1321	351	1358	721	14	1528
257	809	984	1286	142	1199	1357	1989	1430	1475	1929
258	1949	763	451	1429	924	1347	648	80	1663	517
259	626	1468	844	929	242	358	1233	99	1164	1263
260	1274	844	929	242	358	1233	99	1164	1263	1404
261	1387	846	1449	578	337	1608	661	395	903	146
262	857	1710	1643	1658	1205	1939	65	1123	653	1761
263	1302	1492	1004	858	1854	1431	679	13	492	1779
264	602	960	478	880	1732	833	395	1735	864	959
265	268	1838	931	836	1815	1570	367	1733	1195	1523
266	1009	954	786	1714	544	238	771	1974	1211	1681
267	207	1437	1357	1989	1929	1497	1140	498	1414	484
268	446	1855	680	804	666	1490	538	81	1709	1701
269	264	931	1815	1570	1838	836	1523	573	1195	469
270	1293	1753	523	717	743	231	25	1056	884	594
271	651	911	1270	708	1453	555	766	771	342	821
272	667	928	391	1471	1573	65	6	121	822	1275
273	1972	950	1909	1150	1190	471	1752	26	904	1627
274	1012	579	968	843	767	1934	1369	559	1734	1496
275	1367	149	131	482	515	613	508	1568	118	748
276	1796	490	1391	111	775	390	955	1217	1102	1128
277	1201	1818	1920	1835	1283	673	214	265	897	612
278	1639	1427	1202	1999	1366	622	1328	1696	345	1406
279	953	832	947	850	891	1852	1585	1490	1275	1016
280	1680	1884	536	837	1267	1940	1493	1727	314	334
281	1066	646	1607	1098	1328	1634	1275	636	54	1660
282	1853	1227	781	768	1718	134	303	1833	644	1129
283	164	985	356	1575	1939	65	39	532	215	957
284	862	1207	699	374	416	511	205	1685	1957	1340
285	1581	1438	356	1845	208	1051	1501	1010	1537	1807
286	1385	429	1306	295	289	87	842	1726	1514	788
287	139	361	1948	1723	1244	451	439	1189	888	1030
288	1305	988	1242	308	1534	244	298	1134	456	1374
289	1640	1107	571	1381	509	590	1266	1463	522	1611
290	1514	937	1188	912	285	116	159	1564	1006	842
291	596	159	1182	1393	19	740	481	1154	458	1105
292	866	1073	1195	1277	1935	1570	1947	1523	1913	1952
293	1095	326	1951	1956	127	966	1378	133	1299	1138
294	80	718	153	1459	1337	723	515	1053	1723	675
295	219	1177	102	1216	395	1436	1933	859	979	300
296	705	429	221	1514	1726	842	1188	1917	285	754
297	185	1176	152	187	1232	322	1549	85	1323	1956
298	1408	1950	1849	1389	1763	1166	507	444	1999	1709
299	308	1242	244	1305	287	1534	1134	456	1374	988
300	1860	222	1002	154	521	58	853	1707	1288	339
301	823	219	102	1216	366	1272	1478	1177	395	294
302	180	817	1280	401	1330	55	1021	1646	1777	168
303	935	1156	1904	740	1056	1848	1322	1867	1870	92
304	1442	781	204	1718	134	1833	644	1129	1853	1349
305	930	1162	1143	414	1841	21	749	380	1457	63
306	246	410	1329	642	1016	320	756	1844	158	1236
307	1388	1656	416	374	511	205	1685	1957	79	1340
308	1152	914	645	1295	1745	1500	358	844	929	242
309	1242	244	1305	287	298	1997	1534	1134	456	1374
310	524	1889	1156	734	950	1537	1704	1612	1995	840
311	413	1396	925	687	1002	154	521	853	1707	1288
312	853	1002	154	1707	1288	339	1132	1791	1364	1897
313	323	37	1135	376	1032	1971	773	1073	519	43
314	1326	806	593	144	1022	1509	108	578	16	1113
315	1018	1667	1267	1842	1482	1938	279	1884	536	1493
316	1075	844	929	242	358	99	1233	1164	1263	1404
317	907	218	659	1829	1861	486	412	1441	1620	575
318	1486	570	1633	974	1104	1920	265	238	611	771
319	423	1118	775	1430	82	1346	1199	85	71	1342
320	505	1256	1103	443	1111	1660	641	424	1379	1298
321	1338	1978	1472	684	305	236	1365	1179	633	652
322	371	1391	111	775	1217	1931	490	389	332	1644
323	185	152	296	187	1457	258	1943	699	1615	626
324	312	37	773	1032	1498	1783	1124	1355	1138	1135
325	991	1862	582	1197	1232	744	10	1522	368	17
326	983	1804	1403	1582	619	753	330	896	1064	444
327	507	1378	444	292	1956	966	868	1147	896	992
328	473	53	1843	1583	1537	1704	1406	643	1612	1889
329	878	1309	1475	1540	220	397	1462	1234	1859	839
330	1135	1098	765	1726	842	1355	1427	1634	1467	1834
331	1873	325	1804	983	753	1403	444	1299	1449	992
332	1545	1321	721	1528	549	351	1515	1358	1183	1480
333	1644	389	595	997	1391	719	689	111	775	1217
334	1445	814	1131	1752	1099	525	574	821	1636	887
335	1565	1571	1636	1267	1884	536	279	1493	1727	1680
336	1157	945	576	422	390	1027	1746	117	1359	1717
337	161	1543	118	592	1511	193	1763	1166	1730	1470
338	903	375	548	1223	534	1387	379	1303	395	1990
339	529	217	728	1522	731	202	448	1510	1483	347
340	1862	1002	154	853	1707	1288	1132	311	1791	1364
341	641	674	1994	184	1547	402	1566	854	954	1444
342	6	1845	791	515	1751	145	481	1674	208	121
343	612	1353	1060	1662	708	899	1453	911	656	1669
344	124	1165	1458	1255	1451	592	206	1065	359	668
345	1481	1196	503	1530	720	1637	406	1556	132	1144
346	166	969	1999	1147	528	1893	1378	1638	1186	1773
347	547	1969	1135	1467	1834	1647	1030	919	1405	1502
348	448	1171	863	1510	1483	338	529	1320	182	1377
349	1225	1783	245	554	1379	530	773	810	1971	281
350	1960	205	511	200	94	434	1398	1800	12	1185
351	8	1218	1845	1693	633	895	1045	1438	1051	1501
352	1183	1321	115	1418	255	1480	721	1528	173	1049
353	91	1494	1871	1790	1925	88	739	495	1578	951
354	917	1991	844	929	242	358	1233	99	1164	1263
355	882	216	1897	984	1986	718	1614	1176	1536	1973
356	1026	1880	1513	136	1675	1	17	1254	532	1114
357	65	654	284	282	985	1537	1939	1575	62	1609
358	1697	1580	861	1550	886	936	807	308	1318	1888
359	645	914	307	1152	1745	1295	844	1500	929	242
360	1207	210	844	851	1665	811	1397	1351	3	929
361	1609	1090	1443	516	122	1519	1566	1308	1190	1824
362	1723	408	1023	62	1420	236	54	1866	1948	286
363	1470	944	985	1298	376	615	408	1204	1870	1583
364	844	581	1325	425	1404	745	1033	849	1274	1771
365	1294	585	1002	154	867	119	853	1707	1288	339
366	957	1026	1529	1169	1780	123	905	770	451	54
367	1177	300	823	1272	1334	1478	1589	395	1216	1793
368	1029	1082	526	1913	931	1687	1195	1815	1570	264
369	436	726	1508	688	428	459	1143	21	190	1766
370	1854	1563	693	13	492	892	1302	876	535	858
371	84	1181	1606	1250	1821	1626	478	395	1732	692
372	321	1391	111	775	1217	1931	490	389	332	1644
373	1421	709	1284	1010	1780	461	1807	246	1426	284
374	618	1079	1072	171	531	92	1623	567	1081	1816
375	374	929	1340	956	205	511	1685	750	706	1957
376	337	1303	903	548	1525	588	1885	441	395	1878
377	1298	1204	312	362	319	1256	1338	615	1660	1248
378	241	1161	913	1296	416	374	511	205	1685	1957
379	1169	601	1426	1141	597	155	1053	928	391	1287
380	727	1803	1975	1419	825	1148	1271	1257	1812	186
381	427	1143	21	190	712	1841	63	1110	428	414
382	466	494	1163	607	1044	450	82	1491	1239	1425
383	391	475	722	138	1675	990	1328	530	773	1275
384	1299	808	1378	206	292	127	326	1956	966	703
385	841	1770	1145	1479	1895	564	156	416	374	511
386	1559	924	246	350	538	8	1784	1218	1279	123
387	921	987	87	191	1341	1212	26	691	213	580
388	68	1139	1089	636	1772	1144	1112	1324	42	845
389	1238	1995	1935	1788	1231	1740	1041	1649	1490	1848
390	14	332	1542	18	1644	595	997	1391	719	689
391	1157	576	945	335	422	1102	1128	1805	490	1391
392	928	475	822	1573	65	6	667	121	271	722
393	1583	1776	1390	1784	538	1607	615	1101	1834	829
394	1199	251	961	740	1612	477	701	139	361	1897
395	1866	1307	1647	1601	1825	1873	1759	1834	1337	1948
396	1933	102	1793	1589	1177	294	1216	466	148	1334
397	217	1332	1522	687	181	863	1877	448	1510	1483
398	1475	1540	863	328	739	1943	1506	993	1171	470
399	193	1651	673	192	1099	1763	1109	1652	1633	1270
400	1956	966	912	1864	1970	1951	146	1300	28	1450
401	1631	493	685	487	552	1617	1180	1734	1895	562
402	1875	1734	843	1281	819	168	767	1617	1464	97
403	1277	1994	1526	1547	708	821	7	1669	342	188
404	1515	1321	1802	1358	721	67	1528	1049	351	331
405	1218	1293	172	1753	150	1056	523	269	0	1601
406	690	57	1194	158	38	382	1588	1591	236	80
407	132	1556	720	1637	1196	503	1530	1653	1481	344
408	704	1288	1448	1846	1819	1146	1314	710	1832	1054
409	1723	1023	62	361	1420	236	1470	362	1870	615
410	298	886	1837	308	1318	1888	1242	244	1305	287
411	305	793	818	1065	1285	1753	1026	652	1391	259
412	672	1847	228	206	642	1754	732	452	1114	922
413	1620	575	1335	78	907	218	659	1861	486	316
414	1396	310	925	687	1002	154	521	853	1707	1288
415	749	141	865	1143	1766	63	1110	190	712	1841
416	1343	1993	469	1264	1733	1523	109	1600	637	1195
417	374	929	1340	956	205	511	1685	750	706	1957
418	974	736	1175	766	1671	1743	977	795	421	1856
419	512	1899	1342	1473	1764	569	143	1038	318	1346
420	463	1203	1767	557	632	479	1889	1919	1511	928
421	1692	1672	908	1857	1798	1898	563	234	1777	1811
422	1928	673	1220	1908	800	795	1671	736	1444	897
423	1157	576	945	335	390	1027	1746	117	1717	1359
424	1118	318	1346	1199	85	71	1473	1342	143	512
425	1178	505	1983	319	641	1754	1519	1376	1256	627
426	1033	844	1404	745	1228	363	929	242	358	1233
427	761	897	795	421	1009	214	1671	1994	1220	1547
428	63	380	1841	1110	1143	712	21	190	428	1457
429	21	1841	190	1110	1143	459	63	427	712	380
430	295	221	1514	842	1726	1188	1917	285	1484	1914
431	1739	1967	1002	154	686	853	1707	1288	339	1132
432	1829	1304	218	78	907	659	1620	575	1861	1706
433	825	1257	490	1391	1419	275	14	1148	1271	1975
434	952	605	1787	1596	1412	173	395	115	838	1492
435	1800	488	1584	805	1398	1808	1960	349	200	12
436	510	1882	984	1986	354	718	1614	882	216	1176
437	726	368	1508	688	1766	428	459	1143	21	190
438	356	284	1537	1456	323	1428	37	199	1339	1442
439	566	119	1166	834	213	905	170	1341	161	814
440	1532	1041	696	1582	472	1174	1490	808	286	1339
441	513	915	416	374	205	511	1685	1957	1024	1340
442	1927	165	1047	1216	1436	1496	157	1303	173	375
443	1569	1605	1192	1693	538	675	1045	614	622	269
444	1111	1103	319	1256	145	1178	239	1660	1379	1983
445	326	507	112	992	971	1865	1378	896	49	1552
446	445	1268	683	581	1967	668	844	1207	210	929
447	267	1855	680	1490	1709	804	81	1291	666	1950
448	567	1730	1511	606	22	1531	176	178	1067	101
449	347	1171	863	1510	1483	338	529	1320	182	1377
450	1995	1996	1638	1154	1851	947	1893	1999	1013	896
451	1491	1018	1267	82	1425	1044	536	279	1884	1680
452	638	257	54	1949	648	80	1137	57	1194	1256
453	1754	1983	1519	424	505	1376	627	1333	47	1178
454	1030	1813	80	1696	646	451	1189	257	1866	1194
455	941	610	1485	502	1890	1621	560	938	1180	1417
456	229	1124	1092	325	992	1373	1291	1311	1995	734
457	1984	1134	1997	308	1242	244	1305	287	298	1534
458	87	1212	1785	1127	1341	580	481	1970	1851	1034
459	481	730	1591	1675	1507	1114	1254	1182	947	1154
460	865	428	21	190	1143	436	1841	1508	749	1110
461	1821	1606	1303	1269	1732	1250	1626	1332	1927	1885
462	123	2	1780	1106	1010	1807	990	246	1426	284
463	1871	716	495	1578	951	514	816	1739	799	1380
464	1203	890	643	1923	701	419	1570	1406	1458	1375
465	237	874	1372	1592	1062	51	1036	1292	1267	1011
466	609	856	20	550	1937	577	29	1350	1002	154
467	381	607	395	1708	148	1560	1990	1015	230	16
468	617	1729	32	1978	22	17	606	322	153	1607
469	1812	1931	1803	111	186	1975	14	744	1515	727
470	1264	1993	1600	637	1733	583	836	931	109	415
471	1506	1171	1377	1943	993	739	863	1615	397	181
472	1972	272	1909	239	950	904	1627	649	1019	1982
473	1661	808	1941	1007	1983	933	1806	1490	1174	1291
474	327	53	1769	1843	1583	1537	1704	1612	962	1889
475	1025	1776	1901	1883	646	828	1866	1487	1030	1236
476	928	391	1471	1529	722	382	990	1023	1573	65
477	177	984	1986	354	718	1614	882	216	1176	1536
478	42	1322	1696	1716	782	740	1241	105	1870	393
479	833	1735	880	695	1990	864	1015	135	960	183
480	98	506	884	1255	594	1554	1010	1780	461	1807
481	1846	490	1391	275	111	775	390	955	1217	1102
482	226	1785	649	1127	87	1212	458	580	457	1034
483	179	632	613	149	748	176	948	1235	131	274
484	1086	958	967	1913	815	1947	1523	1195	1935	250
485	1437	1989	1357	1929	1497	1140	207	498	1414	266
486	1828	511	205	1685	1957	757	826	4	374	416
487	659	1861	907	218	1441	316	412	1620	575	431
488	552	1330	1021	685	767	400	1631	792	843	1734
489	434	1398	1800	1584	805	1808	1722	1960	349	12
490	1187	848	1394	1540	1900	1310	1892	416	374	511
491	1310	496	1626	1391	275	111	775	390	955	1217
492	1469	1316	1902	1955	690	1324	724	42	1376	627
493	13	1004	1302	1779	1563	369	693	892	876	1492
494	979	400	676	621	938	664	872	1823	685	562
495	381	1163	1292	1592	568	1372	51	1842	314	1938
496	514	1906	549	831	1208	1990	1015	1871	1005	1525
497	1242	1534	490	1305	1310	287	1626	886	988	308
498	214	1835	800	109	238	1603	771	1681	1719	1220
499	1497	1140	1659	1989	1357	1929	1962	207	1414	1437
500	267	1855	446	0	1583	538	743	1607	1843	753
501	1168	1826	1237	1267	1011	1590	1842	536	1884	279
502	1540	1900	1310	1892	374	416	205	511	1685	1120
503	1798	1417	1945	1012	1180	1485	454	769	941	610
504	1637	1530	720	699	1196	1362	1481	406	1556	132
505	1579	16	313	534	1326	806	593	144	1022	395
506	319	424	641	1983	1178	1754	1519	1376	627	1333
507	1252	98	1255	479	1643	1053	604	86	1736	284
508	326	444	1378	896	1247	112	992	971	345	1638
509	748	682	787	131	1581	515	1010	940	1459	613
510	1266	1463	1381	590	571	1640	288	522	1683	1107
511	435	1882	1077	984	157	727	1986	354	718	1614
512	511	826	1685	1957	757	4	349	374	416	1340
513	418	1199	1342	1473	1764	1899	569	1358	984	256
514	440	915	374	416	205	511	1685	1957	1340	862
515	1622	495	549	1906	1871	951	1578	816	1739	799
516	1476	723	1053	1858	1701	1554	44	1007	1238	517
517	1566	897	565	214	122	1444	674	1415	360	497
518	44	539	131	890	551	1889	515	682	257	1701
519	1718	1833	781	541	134	303	644	1129	1037	1853
520	1275	1752	312	278	947	1328	636	1772	382	953
521	1645	755	1267	1011	1699	1590	1842	279	536	1884
522	1002	154	853	1707	1288	413	339	1396	1132	311
523	1266	1463	571	1107	1640	1512	1683	509	1381	772
524	1293	1753	28	167	269	884	1056	1452	594	231
525	1889	309	619	734	1537	1704	924	1406	601	950
526	1339	1445	1131	1950	1709	1554	1007	515	606	447
527	367	1533	1029	1082	1687	1913	1085	469	1264	1195
528	1886	1695	1193	553	984	1986	354	718	1614	882
529	969	345	1893	1638	1999	1773	1393	713	746	33
530	338	217	728	1522	731	202	448	1510	1483	347
531	1971	773	1564	1111	382	554	348	810	1032	323
532	171	1623	92	70	373	167	199	1329	1428	523
533	1573	928	1939	1279	11	1700	624	215	937	355
534	832	1930	1511	932	1730	1470	606	1215	1166	1664
535	796	1223	943	16	504	337	313	1050	168	1326
536	1836	1464	97	1563	369	693	901	1698	13	492
537	1727	1884	279	837	1267	1940	1493	1680	314	334
538	1805	1746	1027	490	1391	275	111	775	390	955
539	1450	1218	267	1337	1328	1390	636	1870	392	54
540	44	517	613	1490	748	149	1291	1855	1661	472
541	1261	927	150	1443	1128	1427	298	982	699	760
542	1361	1327	1249	204	875	35	518	134	240	889
543	1560	395	466	1624	148	104	1990	1015	581	230
544	240	1126	889	1434	1361	204	1259	541	1159	835
545	761	265	771	1974	1211	1681	1719	109	1009	1649
546	922	811	844	1771	1656	258	711	1268	626	1207
547	1756	826	1897	354	68	961	794	949	1502	1064
548	346	1647	1948	1101	963	1338	1030	453	1273	1866
549	375	337	903	1574	395	1878	1525	1303	1387	135
550	1622	514	1906	495	1990	1015	478	135	695	960
551	609	1937	20	856	577	465	29	1350	1002	154
552	1502	890	682	131	517	1535	44	59	1113	1379
553	487	1646	685	767	400	1631	843	817	1734	562
554	1695	1886	984	527	1077	1986	354	718	1614	882
555	810	348	902	530	773	1098	1634	1971	24	1103
556	1562	911	651	1353	766	270	1453	1060	771	899
557	1179	1458	57	1189	1657	474	1883	1901	1490	1526
558	1923	1554	419	1767	1758	362	80	1328	538	1511
559	1234	878	1309	220	328	1462	1859	1083	1940	1932
560	1934	579	1012	968	741	1734	273	563	660	502
561	1890	55	1621	1777	941	938	454	676	908	420
562	1492	1004	901	1725	262	858	1854	1431	97	1836
563	685	1400	1433	73	1878	1631	664	493	487	552
564	1280	1863	1741	1811	420	579	1692	1934	559	234
565	848	384	374	416	205	511	1685	1957	841	1340
566	1566	1247	184	1908	214	1220	854	1444	795	497
567	438	1166	119	213	834	905	1311	170	1141	1752
568	447	1072	1511	1079	106	1067	618	1730	373	101
569	51	1292	1592	494	1372	874	1237	464	751	1590
570	1342	1473	1613	512	1764	143	418	313	16	1590
571	1633	1713	1486	1104	611	203	894	9	674	103
572	522	509	1381	1640	288	1266	1463	590	1107	1512
573	1504	932	1782	818	1845	1919	1170	1189	1172	770
574	1093	1935	268	1838	1551	264	977	790	1277	162
575	118	1843	743	1554	1583	153	1367	1607	1446	257
576	1620	412	78	907	218	659	431	1861	1829	1304
577	1157	945	335	422	390	1746	1027	117	1359	1416
578	20	609	550	1937	465	856	29	1350	1002	154
579	114	313	1022	108	1326	846	1449	806	593	260
580	968	1012	559	1934	1280	273	1369	1741	767	769
581	457	1212	481	1785	87	226	1127	1145	1013	386
582	1017	445	363	1325	186	1356	1624	844	1274	1771
583	1862	1831	324	1197	1232	1351	991	1002	925	30
584	109	469	1264	1993	1375	238	1600	1928	9	265
585	1108	234	819	610	1180	1417	1799	56	1461	598
586	30	364	1294	1002	154	1966	853	1707	1288	339
587	1071	162	737	1630	707	1093	746	1815	1401	250
588	1713	747	1104	1681	1818	1719	276	1920	824	238
589	1005	1525	1990	1015	23	183	135	695	1708	959
590	207	1414	1357	1989	1929	1497	1140	498	1437	266
591	1683	1512	509	1381	1463	1266	827	571	288	1640
592	1252	1300	146	850	1968	1053	1693	28	96	62
593	118	193	336	161	1763	762	1658	944	1205	934
594	806	313	1326	144	1022	1613	114	85	1509	108
595	884	743	28	479	523	1499	1694	269	633	1586
596	389	332	1644	997	1391	1817	719	689	111	775
597	290	159	24	1212	289	580	213	1378	224	1147
598	1016	1	1421	1170	155	804	670	1460	1066	1503
599	56	819	234	610	1180	1417	908	1798	1777	1621
600	801	778	612	708	1681	1719	402	1994	342	1453
601	39	1569	1142	271	957	928	391	1919	762	999
602	924	378	1010	1210	1845	196	1279	1413	1451	208
603	263	395	478	960	135	79	1474	23	959	466
604	1104	1486	1920	265	317	611	570	1009	1994	1547
605	1643	1806	86	506	1252	1032	765	631	45	1172
606	1787	433	952	1596	1412	395	1823	838	1492	13
607	1730	1568	22	1511	447	1531	1470	176	178	832
608	466	1896	381	27	658	978	1392	93	1781	1891
609	1119	762	724	249	1265	1919	1678	853	311	1529
610	856	465	1937	550	20	577	29	1350	1002	154
611	1417	1180	454	664	819	234	769	56	598	502
612	1486	674	1085	570	894	1687	1104	1082	1220	897
613	342	599	708	747	1952	801	402	1681	1719	1994
614	748	149	44	176	1769	1308	1131	539	28	482
615	976	1504	1736	1222	1097	1569	442	1605	622	1429
616	1204	1870	362	1256	1470	408	1298	376	392	860
617	1985	1587	1693	1674	810	1236	1690	1403	902	1039
618	467	1758	1729	17	1260	1978	1856	32	248	1312
619	373	5	1072	1079	567	70	92	199	1616	1594
620	1852	524	201	793	36	1446	691	325	804	1174
621	627	1983	1519	1096	1178	125	1754	424	1824	505
622	73	1621	493	1400	1890	1433	664	1798	168	1878
623	1757	1328	1406	1045	860	1693	1165	1427	990	1459
624	1149	1987	1020	1161	1688	243	848	416	374	1078
625	928	1279	1700	937	532	1079	1528	1003	906	153
626	1164	75	844	1228	929	242	358	99	1233	1263
627	1468	258	1791	1900	1075	704	844	929	259	242
628	1376	1333	47	620	1096	641	1178	125	1754	1983
629	1824	963	1597	1825	1507	1487	1641	1760	1559	600
630	129	1654	95	764	1938	140	1595	1677	1267	1011
631	918	885	1239	1842	1666	314	1938	189	1018	1667
632	1138	1567	39	1061	759	604	975	1032	765	172
633	179	482	933	1452	1889	54	359	419	1747	1919
634	743	1949	350	257	1845	196	594	1429	924	1347
635	416	374	511	205	1685	1957	1340	862	848	1706
636	1435	1654	844	1117	929	242	358	99	1233	1164
637	1772	1328	1275	280	1066	538	278	947	519	382
638	469	1264	1993	1600	1733	836	931	1815	1195	415
639	451	1949	1065	54	591	1609	1693	146	1300	1675
640	769	941	420	1798	1890	1857	1621	610	908	560
641	1792	1552	1307	1172	1522	1976	1594	1601	1091	368
642	505	1376	627	1333	319	47	424	340	1784	643
643	1384	857	1432	654	305	1402	70	411	1641	231
644	890	1923	463	1203	701	1570	1375	641	327	1041
645	781	1718	134	303	1833	1129	1853	1349	768	1775
646	645	358	1745	1152	307	1295	1500	844	929	242
647	1476	1427	280	474	1607	1114	1813	1030	138	1328
648	1300	860	1619	1703	1737	857	1887	8	1602	678
649	702	150	174	451	257	1949	80	1137	57	1194
650	481	1785	226	1127	1577	1963	1773	1034	457	87
651	798	1088	920	781	1327	875	35	835	1159	1980
652	270	1453	766	555	899	771	1270	1353	1662	911
653	1285	944	1959	1068	818	249	22	1978	743	1472
654	934	1137	1282	1625	1160	1284	261	857	709	372
655	1384	356	76	1407	1569	972	175	642	1573	1780
656	1565	1673	1655	1571	1158	223	1482	1267	536	279
657	1662	1353	1562	1453	899	1547	198	747	188	342
658	1724	663	738	802	1768	1488	1918	396	1615	728
659	27	227	1781	1738	893	871	1048	1778	827	90
660	1861	486	907	218	316	412	1441	1620	575	431
661	1698	1618	1464	1741	838	1081	1816	901	1725	97
662	1387	1015	1990	395	260	337	1269	903	1005	1525
663	1641	1968	1657	1661	1025	490	1125	1458	1866	1101
664	657	738	1918	1768	1724	117	181	863	1877	448
665	610	1417	1180	493	1734	621	562	843	769	938
666	1749	844	929	242	358	1233	99	1164	1263	1404
667	804	267	1490	81	1855	446	1597	1701	1308	1503
668	1573	121	985	1097	1575	928	271	391	65	6
669	1967	1356	1268	1017	445	683	844	1207	210	929
670	1750	39	1710	1880	1573	1026	1919	1678	62	532
671	1513	1026	62	1880	271	1170	1016	155	597	1066
672	734	1867	1543	1094	1958	783	176	1287	1507	1598
673	411	1847	228	1255	1475	950	3	1754	845	732
674	421	1928	1908	276	570	1681	1719	1633	1270	612
675	611	1486	214	1085	1835	570	897	894	795	1743
676	1337	1300	684	153	355	442	1513	538	1413	1010
677	55	1890	1021	493	560	1878	908	1272	859	420
678	1414	1929	1962	589	1286	1357	1989	1430	1475	256
679	895	906	1619	1730	1887	1876	8	239	860	730
680	892	858	1431	1854	1492	1004	262	901	1725	97
681	1709	446	267	1490	1291	1855	1041	81	1701	804
682	739	1506	863	1768	397	1943	1615	993	1171	470
683	131	1531	508	890	551	517	1502	787	1413	1451
684	1017	445	1356	1967	1268	668	844	1811	929	581
685	320	1337	675	1300	1703	1179	1293	1753	957	1056
686	562	1400	1433	73	1878	487	552	400	1631	493
687	1155	1642	1699	430	1967	1814	870	1739	1655	1599
688	925	413	1396	310	396	1002	154	521	1332	853
689	141	1508	436	726	368	930	428	459	1143	21
690	719	1817	989	389	332	1644	595	1846	1819	1146
691	405	57	1194	451	257	1591	491	1949	648	80
692	1446	1867	793	762	1678	1337	1215	1852	212	1839
693	1332	50	1626	1303	1269	1606	460	1732	395	165
694	1431	1563	369	13	492	892	1302	876	535	858
695	284	850	69	208	1459	723	515	601	1845	591
696	1990	1015	833	478	942	183	135	1059	1735	880
697	1041	1855	439	1582	713	1950	1638	1393	1893	1490
698	852	384	1479	841	1770	416	374	205	511	1145
699	1359	1157	576	945	335	1746	1027	422	117	1536
700	862	283	416	374	511	205	1685	1957	1340	848
701	1321	23	721	1528	560	1894	588	351	331	1515
702	890	1203	643	463	1923	1570	1946	1406	1375	961
703	648	1293	136	174	451	292	257	1784	1949	80
704	632	848	1125	383	1601	1500	1921	222	975	1139
705	407	1791	1900	1448	1846	1819	1146	1314	626	710
706	295	1686	221	1514	1726	842	1188	912	1970	790
707	1711	855	750	416	374	1340	956	1120	511	205
708	1630	1071	1401	162	544	265	771	1974	1211	1681
709	821	270	599	612	1952	402	342	911	1994	771
710	1137	76	934	372	1284	653	136	1282	1625	1191
711	1314	1846	1819	1146	1054	719	704	689	989	407
712	1325	1771	1411	844	922	929	242	358	1233	99
713	63	380	427	1143	1110	190	1841	21	428	1561
714	1638	1893	969	1393	159	1996	33	345	1147	1552
715	1911	1615	1656	1846	1819	1872	1146	1314	710	1054
716	1555	844	929	242	358	1233	99	1164	1263	1404
717	1871	1465	462	110	1906	495	1578	951	514	816
718	32	269	1293	1753	1782	128	905	25	1716	245
719	1973	984	1986	354	1614	882	216	1176	1536	1193
720	689	929	374	416	1817	989	222	389	332	1644
721	1637	1530	1196	503	406	1556	132	1874	1481	344
722	1528	1321	142	351	331	1515	1358	1183	1480	67
723	1010	1807	391	1782	475	382	990	1581	1495	246
724	1053	1112	515	1459	1045	1476	96	1858	1723	850
725	1395	42	1119	1316	1902	194	608	491	1955	1487
726	1474	1624	395	605	1787	952	433	1020	602	23
727	436	688	1508	368	1766	428	459	1143	21	190
728	1803	379	186	1812	1217	468	1931	111	157	490
729	217	338	529	1522	731	202	1488	910	802	397
730	883	66	1430	1243	1213	181	1475	189	1497	1140
731	895	8	1591	1507	458	1887	1703	250	538	783
732	217	338	529	728	1522	202	397	1488	181	863
733	1758	1349	1847	1458	615	280	538	672	411	392
734	785	780	1826	1960	349	1722	434	1398	1800	50
735	950	840	309	524	1995	1867	671	1543	1075	455
736	1706	1981	634	699	416	374	511	205	1685	1957
737	1175	1671	417	1954	103	1743	1085	795	421	1856
738	1630	746	586	1401	1071	162	707	1935	163	7
739	1046	663	1953	1918	657	1768	1615	1317	181	863
740	681	1506	1171	397	470	863	1943	110	1615	993
741	1848	251	1546	1612	302	1498	477	290	948	1182
742	1272	859	559	1734	676	1108	126	1478	1898	1878
743	127	912	1346	1956	1244	292	1299	1442	1190	326
744	594	153	884	1554	1843	1583	909	574	269	633
745	1975	1448	468	1515	844	1542	18	929	242	358
746	1033	844	1404	425	929	242	358	99	1233	1164
747	1630	1401	737	162	1893	528	1277	790	586	163
748	1547	1562	1353	656	612	120	1526	188	1453	198
749	613	149	44	508	176	1769	1308	1131	539	482
750	1766	414	865	141	63	427	1143	712	428	1841
751	706	1711	855	374	416	1340	956	511	205	1685
752	1115	77	1035	1715	1542	18	1961	494	1817	1846
753	1366	1976	1950	1147	1999	1341	1852	1411	1460	201
754	983	1403	1703	1804	325	330	452	1124	1614	444
755	1586	295	1686	594	1514	1188	842	1726	429	1917
756	78	520	1516	1163	1036	189	1267	275	1011	1590
757	1869	1172	229	1025	1511	22	1730	169	606	447
758	841	511	205	1685	1957	826	4	374	416	1340
759	1775	781	1327	875	35	1718	134	303	1833	644
760	1567	1546	1456	631	1061	1138	1664	1939	1575	910
761	955	1419	1148	1271	825	1257	1975	379	1802	67
762	544	426	894	184	771	1974	565	1681	265	854
763	1678	1867	691	1446	1337	1573	1471	1215	667	121
764	257	1420	239	1663	1752	1445	43	1363	1751	1992
765	1229	1654	629	844	1117	929	242	358	1233	99
766	1114	329	1098	1634	912	996	1427	842	1726	1675
767	60	1974	651	771	555	1662	417	270	974	1060
768	1734	1875	1631	843	579	273	401	1369	979	487
769	1410	781	1853	1718	134	303	1833	644	1129	1227
770	639	1180	1369	610	1417	968	579	502	1734	1496
771	123	1170	928	391	1573	65	6	1848	667	121
772	821	1681	1719	1662	1974	1211	109	238	766	1649
773	1640	1162	930	1143	1463	1266	1107	1841	21	522
774	530	1971	323	382	37	1032	1789	312	554	1073
775	844	929	242	358	1233	99	1164	1263	1404	745
776	1430	318	1391	82	111	1217	371	1419	1931	490
777	1744	1092	1737	442	1654	1171	629	1341	860	647
778	1052	926	457	1169	170	193	1763	913	1711	1306
779	599	801	766	1920	1818	109	1994	276	238	651
780	1558	1988	900	1541	1360	1031	1441	1539	1044	1826
781	785	733	1826	50	1960	349	1722	434	1398	1800
782	1718	134	303	1833	644	1129	1853	1349	768	1775
783	1319	1716	1696	477	1222	1307	1258	1810	964	898
784	145	1750	239	1992	192	1090	1507	443	47	730
785	873	1130	1831	1167	1273	1840	1691	813	629	95
786	780	733	1826	1722	1960	349	434	1398	1800	50
787	1009	954	265	897	795	214	800	1220	1835	1104
788	508	1139	682	1982	1744	131	1252	674	1894	316
789	1385	1965	1638	1686	1087	116	285	429	1557	881
790	64	1942	48	1089	171	531	964	1623	1405	898
791	1277	1551	1533	526	469	1264	1195	1733	1935	836
792	972	1438	994	341	1345	1751	6	479	121	763
793	1863	1281	1330	1021	1280	817	487	168	1646	1272
794	691	1065	619	36	1446	410	1852	1044	1174	201
795	1507	1824	963	1760	1567	1178	812	735	239	1064
796	1444	1743	1671	897	214	421	674	1835	1009	1415
797	1223	534	16	943	395	1050	375	1230	1875	1863
798	1907	1982	649	636	1772	1076	752	1366	363	824
799	650	920	781	1327	875	35	835	1159	1980	1088
800	1739	1871	495	1578	951	514	816	1380	1494	1906
801	1220	214	497	897	421	1835	1415	1603	109	1009
802	599	778	612	342	771	1974	1662	766	747	1681
803	1488	728	657	1724	181	863	1877	448	1510	1483
804	1666	1011	130	1842	314	1344	1938	189	1018	1667
805	666	1016	1490	267	1855	446	81	1701	1308	1460
806	1584	434	1800	1960	1398	200	1808	94	488	349
807	593	313	1326	144	1022	1613	114	85	1509	108
808	861	357	1580	1697	117	886	663	1083	308	1318
809	472	1941	1921	1260	1174	383	1597	765	329	1095
810	256	1286	1989	1357	1430	1475	1929	1116	1243	1762
811	902	554	616	1587	1693	1690	1674	245	1403	1236
812	3	1207	210	851	1665	1397	359	844	1351	1656
813	1876	1511	1782	32	1730	1470	1716	606	832	905
814	1691	1840	1731	1489	1936	984	1831	256	1167	142
815	170	1166	119	333	1511	1543	438	1331	336	566
816	1947	1913	962	1086	958	483	1195	247	967	1570
817	52	1121	951	1578	1240	1380	1871	495	514	1739
818	301	1646	1863	792	168	1280	552	1836	535	1672
819	932	572	1845	1472	410	1978	652	1285	1753	1026
820	56	234	1945	1777	598	610	1180	1417	908	1798
821	1880	121	1723	1297	1030	1201	1155	1413	1158	1770
822	771	708	60	1526	1681	402	1719	1211	1547	1453
823	391	1471	271	1275	1345	1694	1452	928	1469	475
824	300	1478	1272	366	741	1436	102	395	1177	1589
825	570	9	1681	1719	238	103	1104	771	1486	970
826	1975	1257	432	1419	1148	1271	760	379	1802	1644
827	205	511	1685	1957	757	4	374	416	1340	862
828	1048	1891	1738	1354	1778	590	1781	90	658	893
829	881	1965	474	1025	912	1776	429	295	1752	1883
830	1784	1834	1682	1322	1007	1737	1390	1661	40	1583
831	1345	1014	1452	524	924	1051	1501	1757	257	990
832	1208	495	1871	951	1578	514	816	1739	799	1380
833	533	1511	278	850	1730	1470	1585	606	1916	1752
834	478	864	1735	135	695	880	1990	1015	183	1059
835	213	1166	119	566	438	905	1341	580	1939	1123
836	1159	1410	644	1259	781	1327	875	35	543	920
837	264	1008	469	1264	1815	268	931	1838	637	1093
838	279	1884	536	1516	1267	1940	1680	1727	1493	314
839	1081	1816	1698	1618	1464	1741	660	1492	13	1004
840	1540	1078	1020	877	1688	416	374	511	205	1987
841	734	950	10	1331	1075	1963	309	291	524	1255
842	384	1770	1145	757	1479	1895	156	416	374	205
843	842	295	329	429	1427	1917	765	1114	705	1135
844	1734	401	1369	767	1496	1875	273	1617	1464	97
845	363	1404	745	1033	425	929	242	358	99	1233
846	1521	1255	1198	71	973	1477	672	1324	330	387
847	1888	244	1133	1198	998	1374	1449	260	886	578
848	1439	1550	1286	1357	1989	1430	1475	1929	256	1243
849	564	374	416	205	511	489	1685	1957	1340	862
850	77	1961	1035	1115	1715	1832	1817	751	363	1846
851	86	832	278	591	1252	1585	723	1053	1723	1459
852	1091	1286	1207	210	34	1665	811	1397	1846	1648
853	697	1895	1479	384	1617	841	1770	374	416	511
854	311	1002	154	1896	1707	1288	339	1132	1791	1364
855	184	897	565	674	1220	1603	761	112	265	800
856	1711	706	750	384	156	1479	841	1770	416	374
857	609	465	550	1937	20	577	29	1350	1002	154
858	261	642	1602	1432	123	653	1402	70	1761	1959
859	1563	1854	1431	1492	1004	679	262	901	1725	97
860	1272	979	741	968	579	676	1108	1177	294	1047
861	8	622	647	1619	615	895	1930	1887	1747	1977
862	357	1697	1580	807	886	936	308	1318	1888	409
863	283	699	374	416	511	205	1685	1957	1340	848
864	1510	1488	448	397	1943	1521	347	1506	993	1171
865	833	1735	135	1990	478	1015	880	695	183	1005
866	459	749	414	428	1766	1841	21	141	1110	190
867	291	1073	1195	1277	1639	1935	1570	1202	1947	1523
868	1132	1294	1002	154	853	1707	1288	339	311	364
869	1684	507	326	112	1690	1378	939	388	1261	1135
870	1752	43	1352	211	1190	26	1399	1963	987	272
871	1814	1655	1642	140	1155	686	1599	1158	1699	1267
872	658	1778	90	1781	893	1048	1738	827	27	227
873	938	55	941	1823	493	979	664	180	1799	1890
874	784	1130	1185	1831	1167	140	1840	1691	813	629
875	1292	464	1592	51	568	237	1372	1237	1062	1590
876	1327	35	134	1361	204	1249	541	781	1718	303
877	892	1563	369	693	13	492	1302	679	535	858
878	79	839	982	416	374	205	511	1685	1957	1340
879	1309	220	328	1462	1234	1859	1083	558	1994	203
880	1461	1358	1321	1802	1049	1183	255	1418	351	1480
881	1735	478	833	960	135	1990	1015	864	1574	183
882	828	1965	912	429	474	1025	1776	295	1752	285
883	354	216	984	1986	718	1614	1176	1536	1973	1193
884	729	66	1430	1243	1213	1475	1506	1497	1140	498
885	28	594	1499	743	1553	523	479	269	613	1694
886	630	1239	918	1842	1666	1386	223	1267	1011	1590
887	1549	308	1318	1888	409	1242	244	1305	287	298
888	1084	1445	1701	1069	1291	1099	1150	1074	211	239
889	1429	257	1949	924	1347	517	934	1427	1284	633
890	240	1434	1361	204	1126	541	543	1980	781	1327
891	1923	643	463	1203	701	131	1570	551	517	682
892	1490	1154	278	947	953	1546	948	1852	1964	1182
893	679	876	1563	693	369	13	492	1302	535	858
894	1781	1738	90	1048	225	1891	1354	1778	658	827
895	1486	611	570	265	674	1572	1454	1009	1104	761
896	8	730	678	350	1887	1703	1218	1693	1045	860
897	507	935	992	1632	939	444	326	325	1804	1378
898	1220	1603	1415	203	795	800	516	214	184	1566
899	1258	1222	1095	326	765	329	964	1355	1674	1965
900	1353	1453	656	1662	651	342	555	60	1669	821
901	1558	1541	1988	1360	1031	1539	779	1267	1011	629
902	97	1836	1725	1698	858	1431	1854	1492	1464	1004
903	810	1690	1058	1039	554	235	1225	1202	616	1200
904	337	1912	375	548	1608	1576	1005	395	1990	1387
905	1909	1972	239	950	272	471	1641	443	1111	1701
906	566	438	1782	32	1716	245	812	717	213	1498
907	1887	678	624	1313	153	1352	8	158	860	730
908	218	989	659	1861	78	486	316	412	1441	1620
909	1485	1898	1798	420	1857	819	234	1777	1672	1945
910	743	1559	946	1265	1554	1582	1845	1260	1843	80
911	1994	728	1547	120	1353	1720	656	1562	821	1270
912	270	60	1453	1060	555	7	1353	708	342	771
913	1970	966	127	1676	1965	742	765	1776	881	828
914	377	241	1296	1900	374	416	511	205	1685	1957
915	645	358	1745	1152	307	1295	1500	844	929	242
916	440	513	699	416	374	205	511	1685	1957	1024
917	1617	1321	1631	1895	1358	1786	721	852	1528	400
918	353	1991	844	929	242	358	99	1233	1164	1263
919	630	1239	885	1842	1666	314	1938	189	1018	1667
920	1752	1114	996	765	1174	272	355	1467	1834	1675
921	1259	1977	1126	798	1159	835	650	543	209	240
922	1503	386	87	1785	1127	1016	804	1460	191	666
923	1762	1771	545	1206	1181	908	711	1485	581	1325
924	1289	1941	1511	150	1869	22	106	1076	1172	1339
925	1279	601	1440	1451	246	257	1553	1845	1949	524
926	687	413	1396	310	582	1831	1351	1002	154	521
927	1052	777	421	673	1928	469	1908	983	193	1289
928	1754	1519	1376	1660	1379	1983	329	1095	1244	424
929	391	475	1529	532	1573	65	6	667	121	271
930	416	374	719	222	844	34	242	358	1233	99
931	304	1508	688	141	772	1859	1143	436	1841	21
932	1815	268	1570	264	1082	1195	1687	367	469	1264
933	572	818	1845	32	832	533	1472	1664	179	1544
934	1191	632	472	1210	42	1661	515	1150	1007	160
935	653	1137	1160	1949	1284	1282	1429	1625	1585	709
936	302	896	1156	1804	983	1602	1867	325	939	949
937	357	886	1580	1697	308	1318	1888	409	1242	861
938	139	1704	1612	624	928	1279	1700	532	1889	1537
939	872	941	1890	1621	560	454	610	1180	1417	1823
940	1908	992	896	1186	345	1147	1638	507	444	326
941	1780	1581	76	1440	231	461	1106	748	1663	990
942	454	938	1890	1621	560	1485	502	610	1180	1417
943	1059	1990	1015	695	183	959	1050	135	880	833
944	1050	16	534	1979	796	395	1672	1223	102	1799
945	985	362	98	652	592	762	310	1959	1068	249
946	1157	576	335	422	390	1746	1027	1359	117	1416
947	1263	1518	844	1362	1771	1411	929	242	358	99
948	1154	278	953	891	1432	1275	1328	636	1772	519
949	1200	1182	1241	891	1546	1893	179	1498	251	1258
950	1804	983	1403	896	1407	325	935	1767	939	992
951	734	1972	272	840	1909	904	471	1641	309	524
952	1578	1240	816	52	1380	1121	1871	495	514	1739
953	952	605	1787	1596	1412	173	395	115	838	1492
954	278	1068	947	1455	1638	891	1852	1490	1773	1275
955	1009	265	786	109	544	238	771	1974	1211	1681
956	760	1057	1318	1794	490	1049	1391	275	111	775
957	416	374	1340	205	511	1685	750	706	1957	862
958	6	1609	365	1472	928	391	1919	762	999	1939
959	1086	1947	483	1523	1935	815	1551	967	1838	962
960	183	23	1990	1015	135	1927	1005	1525	880	833
961	880	1574	478	135	1735	833	864	1990	1015	959
962	957	1102	6	1472	701	1656	393	505	68	150
963	1947	815	1993	958	1195	469	1264	967	1570	1600
964	1760	628	1507	794	547	1824	1432	239	1156	145
965	1810	1319	1184	1696	1759	898	472	1244	1983	1806
966	1394	156	1214	1120	1187	1233	99	197	1091	1670
967	912	1956	326	127	1378	1514	1970	292	1965	1951
968	1086	483	1935	1523	1551	958	1838	1913	815	1947
969	579	1012	1934	559	273	1369	769	502	767	859
970	1830	528	1393	345	1893	1638	713	33	1773	1147
971	238	1104	265	1633	771	1009	1681	1719	1444	1085
972	112	49	507	444	1099	1348	1378	1709	1238	345
973	791	121	1544	654	1407	1569	175	1880	985	1575
974	999	1678	1222	1939	1710	1919	845	1880	215	361
975	417	1486	766	317	570	1681	1719	1835	9	1104
976	172	1783	1202	646	118	1607	124	169	1328	54
977	614	1429	1097	1051	667	1248	1994	1736	10	1939
978	1713	1743	736	268	1175	109	1085	573	1486	238
979	1392	1896	1048	1778	607	1891	827	1354	90	1827
980	859	493	767	1823	938	1043	1177	294	872	102
981	1347	201	1341	19	953	1406	226	1704	438	948
982	844	529	1207	210	929	242	358	99	1233	1164
983	416	374	511	205	1685	1957	1340	862	848	79
984	1804	1403	325	753	949	1289	330	935	896	444
985	256	142	1199	1986	354	718	1614	882	216	1624
986	1575	282	667	944	362	356	1939	65	762	1678
987	1857	676	908	420	1692	1878	1903	1021	1108	1672
988	191	386	211	213	1341	1016	1099	804	278	1460
989	1305	287	1242	308	1534	244	298	1134	456	1374
990	907	719	689	1846	1819	1146	1314	710	1054	704
991	1106	391	475	382	722	622	1045	461	1165	1051
992	324	1862	582	1197	1232	1897	135	263	959	1574
993	1147	1638	939	1186	444	1996	507	896	713	1378
994	1943	1377	1506	1171	470	863	217	1615	397	739
995	1459	1438	791	451	257	1949	648	80	1137	57
996	1965	1495	1569	1914	1385	600	1142	429	881	828
997	38	1114	765	1806	919	355	17	1675	1707	136
998	389	332	1644	595	1931	1391	719	689	111	775
999	1888	244	846	1133	1198	1374	886	308	1318	409
1000	973	1001	1045	957	928	391	1919	762	1939	1573
1001	63	427	1841	1110	1457	368	1143	712	436	21
1002	1641	999	1045	1868	1810	1466	1825	26	1752	1100
1003	30	154	853	1707	1288	339	1132	311	1791	1364
1004	0	928	1279	1870	1428	1039	1700	624	532	937
1005	1492	492	262	1779	858	1854	1431	679	13	1302
1006	1525	588	1990	1015	183	135	695	1735	864	959
1007	1604	1849	1389	1090	289	538	1079	1308	297	159
1008	1661	1450	515	472	1554	829	1701	44	1238	517
1009	836	931	1029	1195	526	1570	1687	1523	1993	1533
1010	786	954	265	544	238	771	1974	1211	1681	1719
1011	1949	1807	246	1426	722	1581	1413	601	1051	1501
1012	1344	130	803	1666	1267	1590	1842	536	1884	279
1013	968	579	1934	559	273	502	1180	767	454	1734
1014	1341	1460	1503	1852	1577	969	201	1105	1016	191
1015	1194	830	990	1663	57	690	1087	748	1345	1106
1016	1990	695	942	183	135	833	1059	1735	478	880
1017	804	597	1460	1170	1503	921	1432	670	1066	1421
1018	445	1268	683	581	1967	668	844	1207	210	929
1019	223	314	1667	1497	450	1688	1267	1842	1482	1938
1020	1627	239	1445	1972	272	1909	950	1679	471	1752
1021	1987	1149	1688	243	1078	623	848	416	374	205
1022	1330	1646	676	1890	487	792	1280	1875	55	563
1023	313	1326	806	593	144	108	578	114	1509	16
1024	62	408	1723	928	391	475	1471	361	1420	236
1025	1151	416	374	1340	956	205	511	1685	750	706
1026	474	1076	828	1776	756	1172	229	1883	1869	1119
1027	355	1880	1529	1169	670	1780	365	1573	532	1297
1028	1027	1805	1157	945	576	335	537	422	117	1359
1029	1763	1652	1702	193	1099	192	161	398	336	1651
1030	367	1687	526	1093	1082	1195	1570	1523	1913	1008
1031	80	453	1194	646	474	1451	451	1179	1189	257
1032	1360	1539	1558	1988	900	1541	779	1595	1155	686
1033	37	1058	1616	323	1955	1135	312	1373	773	1073
1034	745	425	844	1404	929	242	358	99	1233	1164
1035	1740	481	1889	1212	1537	1704	1788	649	87	1406
1036	77	1115	1961	1715	1832	849	1817	751	1846	1819
1037	237	1062	1372	1044	464	51	381	450	82	1491
1038	1718	1833	518	781	1327	875	35	134	303	644
1039	1536	1173	1336	1077	418	984	1986	354	718	1614
1040	902	1690	1058	235	1204	616	1298	1391	1587	1003
1041	1679	1742	28	1543	105	1261	1601	1684	1070	482
1042	696	1315	439	1582	1921	1490	1291	1855	680	446
1043	416	374	511	205	1685	1957	1340	862	848	1932
1044	1903	1617	137	979	493	157	1108	1631	938	872
1045	1239	1163	1062	381	450	82	1491	1425	1036	1267
1046	723	999	622	1001	1112	1693	350	990	1165	8
1047	738	1918	1953	1615	663	1317	181	863	1877	448
1048	1436	1216	157	31	102	1793	859	441	173	1672
1049	225	1781	827	1778	1370	93	1891	1354	893	90
1050	1480	1461	1418	1183	255	1321	955	1057	1318	1802
1051	943	1990	1015	942	183	695	1059	1005	1525	959
1052	1501	1429	1581	667	208	976	1438	284	1010	1097
1053	926	777	193	123	461	1763	1809	1352	499	1068
1054	723	96	515	1476	1858	1807	928	1723	391	1297
1055	1819	1846	1146	1314	710	719	704	689	989	407
1056	35	1540	1900	1310	1892	374	416	511	205	1685
1057	1452	523	1948	1293	302	1753	269	28	1700	1499
1058	1070	1794	955	1318	1002	154	853	1707	1288	339
1059	902	1032	1690	1039	235	37	810	1693	323	1073
1060	942	1990	1015	695	135	833	864	880	183	959
1061	60	1669	911	342	555	766	198	771	1547	1353
1062	1605	631	1138	759	1567	1179	1298	376	1958	221
1063	1372	1044	237	1163	1036	464	1592	1386	51	874
1064	1847	1261	1192	505	940	929	160	416	374	620
1065	257	1921	325	1582	1337	452	1452	1754	646	1647
1066	793	1716	1390	1693	638	410	591	54	62	1452
1067	280	1254	1675	1757	1016	1170	646	597	1098	670
1068	1744	447	567	319	764	212	1402	756	515	505
1069	953	1455	652	944	1312	106	378	1959	249	123
1070	1205	887	1044	1074	592	1658	210	1076	1165	1915
1071	1057	1002	154	853	1707	1288	339	1132	311	1791
1072	162	586	707	1630	1681	1719	737	163	824	746
1073	1079	618	567	373	5	70	1	92	937	199
1074	37	866	1202	1200	1032	773	312	291	323	1058
1075	1876	175	812	887	1069	1165	336	296	1176	161
1076	315	626	1791	1900	704	844	929	259	242	358
1077	1025	22	1702	155	1544	1730	161	812	1876	1511
1078	1536	1173	1336	984	1038	1986	354	718	1614	882
1079	1987	1688	243	1540	1020	839	1149	848	416	374
1080	1072	618	373	567	106	92	199	624	1773	5
1081	1458	1089	463	1076	1702	474	1976	1594	1307	646
1082	1816	838	1698	1618	1464	1741	660	1492	13	1004
1083	1687	367	931	1815	526	1029	1195	1913	1570	1523
1084	1859	1309	878	220	328	1462	117	1234	663	807
1085	887	17	175	119	1407	10	762	1641	1678	654
1086	1954	611	674	736	1743	970	1175	526	1104	897
1087	958	483	1913	815	1523	1935	967	1551	1947	1838
1088	1638	1686	788	1557	1970	1869	713	912	1119	1676
1089	650	798	920	781	1327	875	35	835	1159	1980
1090	1139	387	1942	48	64	789	1080	636	1772	1707
1091	1679	336	161	1343	1006	1604	783	360	1689	1019
1092	851	1286	34	1846	1648	99	1233	197	965	1670
1093	1969	1586	776	455	325	992	1654	629	896	1428
1094	573	1935	1029	836	1687	637	1815	268	1533	1551
1095	424	1139	1788	1299	671	388	1192	443	47	1834
1096	292	1951	1466	1965	1487	898	326	765	927	1150
1097	627	620	1256	1379	1581	1010	1660	1807	722	1983
1098	667	1429	1569	976	1051	762	271	1573	1248	1471
1099	1634	329	24	1355	765	1275	280	554	1066	810
1100	1951	211	1652	161	1445	971	213	192	1702	1028
1101	26	1641	1810	1385	1825	1001	297	1244	1265	1849
1102	1866	1948	1607	1647	1834	424	547	1759	723	1053
1103	390	1128	1805	490	1391	1796	275	111	775	955
1104	319	443	1111	1256	1660	1379	1983	424	505	1178
1105	1743	570	970	1954	1085	674	238	611	1486	9
1106	1830	87	969	1013	191	1702	1341	1893	1460	159
1107	990	1363	461	231	748	940	1780	538	1245	76
1108	1640	288	522	1381	1463	1266	1512	1683	571	772
1109	126	137	584	1272	859	741	908	1898	676	1890
1110	145	1651	122	158	74	538	398	192	612	1686
1111	1841	190	63	427	21	1457	428	1143	712	380
1112	443	1103	319	1256	530	1178	239	1971	1660	125
1113	723	1045	613	888	1625	28	361	1499	387	508
1114	1509	1721	313	1326	1136	108	806	593	144	1022
1115	1675	1427	765	996	1813	1254	646	355	1757	919
1116	751	77	1715	1035	1961	1817	1832	849	18	1542
1117	1357	1989	1929	1497	1140	207	498	1414	266	1437
1118	1665	207	589	1654	1435	635	1251	844	764	929
1119	423	318	1346	1199	85	71	1473	1342	143	512
1120	724	1265	608	1025	61	1087	42	1222	1557	282
1121	1187	156	1540	1900	1214	1310	232	965	1892	416
1122	816	52	1380	1578	951	1240	1871	495	514	1739
1123	1826	886	308	1318	1888	409	1242	244	1305	287
1124	1939	65	1544	47	261	356	282	985	1602	39
1125	229	1498	1946	323	1355	1138	455	753	1716	1782
1126	1448	1572	247	894	1402	1454	1994	1547	402	1566
1127	209	240	1259	543	889	1434	920	1361	204	541
1128	1785	1503	87	1212	226	481	457	921	19	649
1129	1140	390	1102	1805	490	1391	1796	275	111	775
1130	781	1718	134	303	1833	644	1853	1349	768	1775
1131	873	784	1831	1167	1840	1691	813	629	95	1938
1132	1445	525	613	1769	748	176	1308	1339	1950	1060
1133	1002	154	867	853	1707	1288	339	311	1791	1364
1134	1374	1888	244	846	1198	998	1481	886	308	1318
1135	456	1997	1984	308	1242	244	1305	287	298	1534
1136	312	329	1032	37	1647	1813	323	1427	842	1726
1137	1721	1509	313	1113	144	108	578	114	1326	806
1138	653	934	1625	1282	709	1160	451	1949	257	648
1139	631	1498	1567	1124	323	1355	1946	1428	1061	292
1140	1089	387	787	743	1094	594	636	1772	269	975
1141	1497	498	1659	1357	1989	1929	1962	207	1128	1414
1142	1312	905	566	378	1053	1166	119	1916	39	33
1143	101	1569	600	224	282	995	1567	164	1972	239
1144	21	190	380	1841	63	427	712	1110	428	414
1145	1520	1707	503	1530	720	1637	1196	1590	1481	406
1146	384	841	1770	1479	1895	156	416	374	511	205
1147	1973	1668	1846	1819	1314	710	1054	719	704	689
1148	1393	992	1378	345	1638	166	1186	969	1552	713
1149	1271	1419	760	1257	825	1975	379	1802	67	490
1150	1987	623	1020	1688	243	1078	1161	384	416	374
1151	1291	1701	272	1190	1752	26	1921	887	472	1095
1152	1024	374	416	1340	956	848	205	511	564	1685
1153	1152	914	645	1295	1745	1500	358	844	929	242
1154	1500	1728	886	308	1318	1888	409	1242	244	1305
1155	947	891	278	953	449	1016	1852	458	804	481
1156	1158	686	1642	870	1814	1655	1925	1962	1599	1595
1157	935	309	302	1016	804	1460	1503	597	1867	921
1158	576	945	335	422	390	1359	1746	1027	117	1416
1159	1155	1655	655	1699	1814	870	686	1642	1599	1360
1160	1159	1410	644	1259	781	1327	875	35	543	920
1161	1625	934	653	1137	1282	1284	1843	1451	857	924
1162	377	241	623	848	1149	416	374	511	205	1685
1163	772	304	1143	414	1841	21	749	380	1457	1640
1164	1044	381	494	1062	1386	1516	1239	755	223	1267
1165	1448	75	844	1228	625	929	242	358	1233	99
1166	343	1451	1253	622	1045	990	1074	924	1051	1501
1167	119	566	438	213	834	1916	814	1511	1331	170
1168	1831	873	784	1130	1840	1691	813	1645	1936	1489
1169	500	1267	1011	1590	1842	1884	536	279	1493	1680
1170	378	1529	1026	1471	1780	365	928	391	475	1023
1171	1782	1016	770	670	597	1504	1066	1421	155	572
1172	448	1506	470	1377	347	1943	993	739	863	1615
1173	756	229	1869	1025	22	1730	606	447	416	374
1174	1173	1536	1077	984	1038	1986	354	718	1614	882
1175	1446	1260	1752	36	1597	691	472	1852	201	793
1176	736	417	1743	1085	1671	1954	795	421	970	1856
1177	1232	1748	296	1364	1596	1790	984	1837	1986	354
1178	366	102	219	1334	294	395	300	1216	859	979
1179	424	1983	505	125	1519	620	1376	443	1111	627
1180	556	1432	1612	1030	1451	80	139	474	1061	1194
1181	610	1417	769	1734	819	234	56	598	502	1369
1182	1206	1821	922	370	84	908	1990	1015	1250	1606
1183	1564	290	948	106	1904	1902	1806	1241	458	139
1184	255	1418	1480	351	1049	1321	1358	721	14	1528
1185	1319	1467	1834	329	964	1258	1265	59	782	765
1186	12	873	1960	349	434	1398	1800	1584	805	1808
1187	992	345	1147	166	939	112	1999	1684	24	1378
1188	1120	156	1540	1900	1214	1310	489	232	965	1892
1189	1514	1970	1914	429	295	790	705	912	842	1726
1190	1657	1883	451	1252	1030	257	453	556	572	1458
1191	26	1752	272	1150	1244	43	1352	1641	869	1291
1192	933	1210	1765	272	42	515	1676	228	1150	1137
1193	442	1063	1639	784	1427	1003	1094	842	1726	1329
1194	1894	984	1986	354	718	1614	882	216	1176	1536
1195	80	1030	1014	57	690	451	1451	257	405	1757
1196	1570	1947	1993	931	1523	1815	367	1029	1082	268
1197	720	1637	1556	1481	344	406	132	503	1530	1653
1198	582	1862	1668	324	1232	991	1111	1622	395	844
1199	1888	244	846	1133	998	1374	886	308	1318	409
1200	512	984	256	318	1346	423	1118	142	85	71
1201	1202	948	1073	866	902	1424	1225	1983	1291	810
1202	276	1818	1603	1283	214	265	1415	897	795	203
1203	1200	1783	100	1073	975	866	124	1032	277	902
1204	463	890	701	643	1923	419	1570	1406	1375	158
1205	1298	376	615	1870	1682	362	1470	1039	408	1016
1206	1658	261	1710	1643	1069	592	1651	1076	1915	155
1207	1181	922	1596	1364	908	1176	1232	1485	1821	1631
1208	283	210	851	1665	811	1397	3	359	844	1351
1209	1208	495	1871	951	1578	514	816	1739	799	1380
1210	1797	1447	1881	1221	835	1159	644	1980	889	781
1211	196	601	1191	136	1053	933	515	597	1421	155
1212	1649	1235	771	1681	1719	1551	544	265	1974	821
1213	1785	87	1127	457	580	226	481	345	1503	1034
1214	729	883	66	1140	1430	1243	1116	1497	498	1659
1215	156	1120	1187	232	965	374	416	205	511	1685
1216	1568	1867	1443	1446	691	1337	762	1678	212	1839
1217	219	1436	1047	300	1589	294	1177	395	173	157
1218	1391	111	775	371	1812	186	1803	1931	490	389
1219	538	1844	128	107	1443	1450	350	8	1693	895
1220	1349	781	768	1327	875	35	1718	134	303	1833
1221	897	203	800	1415	1603	421	1835	214	497	795
1222	1881	1209	1797	1447	781	1327	875	35	1159	835
1223	1729	1258	1678	174	1810	973	898	782	614	235
1224	796	534	337	168	16	943	1799	395	1672	1990
1225	1226	1922	1276	1979	1944	1712	504	1370	93	871
1226	348	245	1783	1379	810	902	281	1664	1202	1782
1227	1224	1922	1276	1979	1944	1712	504	1370	93	871
1228	1853	281	781	768	1718	134	303	1833	644	1129
1229	1164	75	1091	425	844	851	1656	34	1967	1648
1230	764	195	844	1732	929	242	358	1233	99	1164
1231	16	395	1579	1022	943	504	1223	796	466	148
1232	1238	388	1995	646	162	544	265	507	444	1607
1233	1176	582	1862	296	324	1197	1364	991	1596	1748
1234	1233	197	1091	965	1670	1394	844	1689	929	242
1235	558	878	1309	220	328	1462	1859	1083	4	527
1236	1211	1649	265	911	771	1681	1719	708	894	1629
1237	1587	616	1693	1674	1451	810	474	246	1324	1413
1238	1290	1826	1482	1267	536	279	1884	1493	1680	1727
1239	388	1995	1935	1701	515	1231	1554	44	1490	1007
1240	630	918	885	1044	1842	1666	381	450	82	1491
1241	951	1578	52	816	1380	1121	1871	495	514	1739
1242	948	1182	477	1564	740	1676	19	1740	290	1341
1243	1534	1305	287	496	308	244	988	298	1134	456
1244	1430	729	883	66	1475	1213	1286	1879	1989	1357
1245	1190	1150	472	964	1983	1806	927	742	286	1557
1246	1623	1505	1451	206	519	1413	1236	1106	888	1003
1247	1774	416	374	511	205	1685	1957	1340	862	848
1248	507	565	1999	992	1378	345	1147	1864	326	713
1249	667	1429	1051	976	1256	1097	1660	1298	1902	376
1250	1327	1361	541	875	35	134	204	781	1775	1718
1251	1606	460	183	1821	1303	1269	84	370	1732	16
1252	89	844	1665	1117	929	242	358	1233	99	1164
1253	591	506	86	1998	850	1643	1053	604	1189	96
1254	1451	1165	1010	208	1807	246	1051	1501	1426	96
1255	1757	1675	1066	355	1813	136	1114	723	1053	1
1256	506	98	479	359	1347	845	1953	672	343	344
1257	319	1660	1103	443	1111	1379	1657	1096	615	424
1258	1419	825	1975	1148	1271	760	379	432	775	1802
1259	1222	1016	898	1184	597	1696	1467	948	1170	782
1260	920	1126	1159	835	543	209	240	1977	781	1327
1261	1174	1597	472	808	1941	1758	1752	617	1701	1532
1262	1684	105	1601	150	1742	1543	28	1443	1804	1040
1263	31	1811	1911	1371	254	1382	1593	1323	1409	1422
1264	946	1518	844	1362	1771	1411	929	242	358	99
1265	469	1993	1600	637	1733	583	836	931	109	415
1266	1557	1119	909	1559	1408	1184	523	1293	231	608
1267	1266	522	509	1381	1640	1683	590	571	1107	772
1268	1795	1884	279	536	1680	1727	1493	314	334	837
1269	1017	445	1967	668	683	844	1207	210	929	242
1270	1303	1885	460	1821	1606	1250	1015	395	1626	692
1271	1547	1453	270	1562	651	1662	1353	821	188	771
1272	1148	1419	760	1257	825	1975	379	1802	67	490
1273	741	859	823	366	300	1734	579	676	1108	126
1274	1002	195	154	853	1707	1288	1157	576	945	339
1275	844	259	929	242	358	1233	99	1164	1263	1404
1276	519	1345	1471	1694	1452	822	271	278	947	1328
1277	1226	1224	1922	1979	1944	1712	806	593	1370	93
1278	402	7	1952	1994	790	1551	1547	1195	1533	526
1279	1588	123	461	1752	1352	1445	1099	1605	333	887
1280	924	1553	1845	1700	928	246	624	532	937	1451
1281	1863	579	563	1741	1621	1330	792	1021	301	1875
1282	1863	792	1875	401	559	137	1646	843	560	1734
1283	1625	653	1137	934	1284	1160	179	224	709	372
1284	1818	276	1835	1920	1415	1201	214	265	897	795
1285	934	1949	1429	1751	1282	1585	709	372	257	1160
1286	652	1293	1602	818	1591	1421	410	1978	1867	1472
1287	1091	1846	851	34	1648	1357	1989	1430	1475	1929
1288	196	667	1164	11	1300	378	1346	1789	71	1448
1289	407	1002	154	853	1707	339	1132	311	1791	1364
1290	1941	923	983	1391	1039	1331	1316	22	1869	1172
1291	1346	1237	318	423	1118	1199	85	71	1342	1473
1292	1701	1490	1150	1855	446	680	1308	1661	472	804
1293	1592	874	51	568	494	1372	464	751	1590	237
1294	1753	269	523	702	717	231	25	1056	1587	1438
1295	364	1002	154	867	853	1707	1288	339	1132	311
1296	1745	914	645	307	1152	1500	358	844	929	242
1297	377	241	1900	374	416	205	511	1685	1957	1340
1298	1880	121	22	820	1753	1529	928	1053	391	1919
1299	1204	376	362	319	1256	1338	615	1660	1248	1470
1300	383	292	127	326	1956	1383	966	1904	1378	742
1301	647	1337	591	196	146	28	675	1968	684	638
1302	374	416	205	511	1685	1957	1340	862	848	1540
1303	13	262	492	1563	369	693	892	876	1492	1004
1304	1269	1885	460	375	1821	1606	1250	337	395	1626
1305	1829	431	218	907	659	1620	575	78	1861	1044
1306	287	988	1242	308	1534	244	298	1134	496	456
1307	285	116	457	289	1450	317	538	1432	257	1633
1308	38	394	1716	474	646	640	1873	1476	1759	782
1309	1701	613	804	267	748	176	1291	1769	666	1131
1310	1859	1083	878	220	328	1462	1234	558	395	844
1311	1540	1900	1120	1187	490	1892	416	374	511	205
1312	566	119	455	53	33	226	122	905	666	438
1313	1141	1524	1053	1068	1747	32	248	617	928	1729
1314	1297	1529	1	1053	928	391	475	906	1023	1471
1315	710	1846	1819	1146	1054	719	704	689	989	407
1316	1041	1532	1758	80	1701	267	1678	1238	515	804
1317	1902	724	42	1395	491	194	1873	147	1910	1955
1318	1615	1953	1918	181	863	738	1877	1046	448	1510
1319	955	1057	1794	1997	886	308	1049	1888	409	1242
1320	782	1184	964	1995	59	1190	1983	1519	1806	1696
1321	448	1510	1483	338	529	347	182	1494	1981	181
1322	721	1528	351	331	1515	1358	1183	1480	67	403
1323	42	829	1870	477	1834	1784	1682	0	1869	302
1324	233	1911	1371	254	1409	1822	1611	844	31	1422
1325	1469	11	1471	1236	1275	822	271	491	1345	1694
1326	1771	711	363	69	581	1411	844	1274	922	929
1327	313	806	593	144	1022	1509	108	578	16	1113
1328	1361	1249	541	875	35	134	204	781	1718	303
1329	636	1757	1406	622	1772	118	1427	382	1275	646
1330	70	1428	199	305	246	171	531	92	1873	1623
1331	1021	1646	487	792	1890	1280	1875	563	234	1692
1332	1511	10	1166	1730	1470	606	832	1868	170	336
1333	1626	460	396	1732	692	588	1821	1303	1606	1269
1334	1376	627	47	641	1178	125	1754	1983	1519	424
1335	1177	366	173	395	1412	1793	610	1180	1417	1047
1336	412	1620	242	844	929	358	1233	99	1164	1263
1337	1173	1536	1077	984	1038	1986	354	718	1614	882
1338	1867	1446	691	1300	762	1678	675	1215	212	1921
1339	320	1939	1664	215	1978	1575	1472	1985	1567	1298
1340	525	1950	1709	1445	1131	1661	1490	439	1291	1855
1341	374	416	956	205	511	1685	750	706	1957	862
1342	1013	457	1460	191	1577	1503	1852	1851	201	1
1343	1473	512	569	1764	418	318	1346	423	1118	1199
1344	1993	415	469	1264	1733	1195	1570	1523	1947	1600
1345	1011	130	803	1666	494	1267	1590	1842	279	1884
1346	1275	1452	1471	1694	822	271	830	1413	62	1324
1347	71	1290	318	423	1118	1199	85	1342	1473	143
1348	980	1736	1429	257	1949	924	1255	517	934	1427
1349	771	1486	1681	1994	1719	1547	402	317	1818	1566
1350	1219	781	1718	134	303	1833	644	1129	1853	768
1351	609	550	1937	20	856	577	465	1002	154	195
1352	582	1831	1207	210	359	844	851	1665	811	1397
1353	1752	43	1641	869	1190	1825	26	272	1150	1278
1354	899	1453	656	747	342	1662	1562	555	911	1547
1355	1891	225	1778	1048	1781	827	893	90	1738	978
1356	45	1498	1098	329	1124	323	1138	1946	898	1782
1357	1811	1967	683	668	563	420	1692	581	31	1382
1358	1357	1929	1497	1140	207	498	1414	1437	266	484
1359	1321	1461	879	1515	512	984	256	403	142	1183
1360	1157	945	698	1416	576	335	1027	1746	422	117
1361	1031	1539	1558	1988	900	1541	779	1158	1699	1267
1362	1327	541	1249	204	875	35	134	240	889	1434
1363	699	503	1530	1263	946	1820	1518	844	1771	1411
1364	1992	1106	1769	1103	43	1752	239	1445	1507	269
1365	1791	1002	1176	154	1232	1596	853	1748	1837	1707
1366	490	1391	275	111	775	390	955	1217	1102	1128
1367	752	1999	1976	1951	112	1804	1460	1186	444	992
1368	274	574	1446	178	1839	515	613	508	1568	118
1369	1932	1549	1475	1540	397	328	1894	984	1986	354
1370	1734	1496	769	843	579	968	1180	273	1464	97
1371	93	1781	225	1048	253	1180	1369	769	1734	1496
1372	1371	1911	1593	31	1409	1323	233	1811	1382	1822
1373	1062	237	1592	51	1036	1292	568	464	494	874
1374	1616	1032	1955	591	229	1964	1124	455	1101	1948
1375	1133	244	1888	308	846	1198	998	1242	1305	287
1376	1570	109	1993	583	469	1264	1600	890	1733	643
1377	627	1333	47	1754	1519	927	1660	1379	641	1178
1378	1943	993	470	1171	1506	448	863	1615	397	347
1379	326	507	1147	345	166	1956	992	966	444	1638
1380	1660	1754	1519	1376	1256	927	1096	1103	348	319
1381	1121	951	1578	816	52	1240	1871	495	514	1739
1382	509	1463	1266	1107	571	590	288	1640	522	1683
1383	1422	1811	31	1911	254	1371	1593	792	1409	1863
1384	276	1201	1856	1548	1402	265	897	1818	795	203
1385	654	642	1810	1609	1825	356	62	1455	1736	76
1386	788	285	116	1965	995	1408	1914	1389	1100	429
1387	189	223	1267	1011	885	1666	1590	1163	1062	1842
1388	260	661	337	1608	395	903	1708	1912	548	375
1389	306	1981	374	416	205	511	1685	1706	1957	79
1390	1849	1484	1408	1006	1604	297	1385	1996	449	1740
1391	1607	1065	40	54	538	829	1583	392	280	1452
1392	111	775	1217	371	1931	490	389	332	1644	595
1393	978	1896	1827	607	27	658	225	1354	1370	1781
1394	1147	969	191	1638	713	1830	1893	528	290	345
1395	965	489	1233	99	197	1091	1670	844	1689	929
1396	724	42	194	1316	1902	491	1119	1955	1487	424
1397	413	310	925	687	1002	154	521	853	1707	1288
1398	1207	210	851	1665	811	3	359	78	844	1351
1399	1808	805	1877	434	1800	1584	488	1960	349	12
1400	25	869	1752	1737	1784	1076	22	1641	1804	935
1401	1433	73	1878	685	562	621	908	1798	493	1898
1402	1630	746	707	1570	737	162	931	1815	268	264
1403	897	1572	795	247	421	1009	894	214	1454	1671
1404	983	1804	325	753	616	810	949	1587	1693	1674
1405	844	745	1033	425	929	242	358	1233	99	1164
1406	76	1467	1834	346	483	919	789	1866	1241	1909
1407	1328	1757	622	1889	1537	1704	1427	937	1203	463
1408	1959	654	1569	972	175	355	949	11	762	1678
1409	297	1740	213	1389	1265	1099	1950	1385	449	1893
1410	1911	1371	254	1323	233	1822	1611	844	1422	1811
1411	768	835	1159	134	1775	644	1853	781	1718	303
1412	1518	1771	1263	946	844	1362	711	1325	929	242
1413	1801	1787	1334	173	1596	605	433	952	115	395
1414	1010	1451	601	1345	1880	1236	682	189	1245	1949
1415	1929	1989	1357	589	1497	1140	207	498	266	1437
1416	897	203	1220	214	1835	800	1603	1283	497	795
1417	1538	1359	576	1157	945	1717	335	1746	1027	422
1418	610	1180	502	664	819	234	769	56	598	938
1419	1480	255	1183	1049	351	1321	1461	1358	721	14
1420	1271	1148	1257	760	825	1975	379	775	1802	67
1421	763	1619	1511	408	1723	1023	62	361	236	1767
1422	155	597	372	1016	1170	670	1066	22	1053	1591
1423	1382	1811	1822	1611	31	1409	844	792	1863	1911
1424	490	1820	1391	275	111	775	390	955	1288	1217
1425	1818	1275	1675	1682	278	947	1328	1747	636	1772
1426	82	1491	1636	450	1267	1044	279	536	1884	1493
1427	1807	246	1010	96	1438	284	147	208	1253	231
1428	1114	1757	646	1813	1675	842	1726	329	622	1328
1429	1329	323	1498	1138	1740	171	531	70	92	1623
1430	1949	934	1051	1284	976	1097	1585	667	1693	1248
1431	1243	729	883	66	775	318	1475	1213	82	1286
1432	693	858	1854	1492	1004	679	262	901	1725	97
1433	857	642	1016	804	1179	947	278	1537	1704	1156
1434	1400	73	1878	685	562	819	1945	621	908	1777
1435	240	889	1361	204	1126	541	543	781	1327	875
1436	635	1654	844	1117	929	242	358	99	1233	1164
1437	1216	1047	157	294	219	1177	859	441	823	173
1438	484	266	1357	1989	1929	1497	1140	207	498	1414
1439	1581	208	284	791	994	1845	1051	1501	246	1426
1440	847	1286	1550	1989	1357	1430	1475	1929	256	1243
1441	1581	924	1010	1807	940	147	246	1279	722	1663
1442	779	486	907	218	659	1861	431	316	412	1829
1443	303	781	204	1718	134	1833	644	1129	1853	1349
1444	1215	150	1218	1767	257	1568	517	1261	0	1949
1445	795	1743	1671	214	970	674	897	497	1220	1415
1446	1131	525	333	1339	887	1099	1950	1019	211	1709
1447	1174	691	1867	1839	1215	1337	762	1678	1852	212
1448	1209	1797	1881	1221	1980	889	781	1327	875	35
1449	1164	744	704	407	1846	1819	1146	1314	710	1054
1450	846	260	578	844	929	242	358	1233	99	1164
1451	538	1218	1007	289	362	1956	361	116	399	937
1452	1253	924	1165	1279	1413	80	1553	601	1845	1194
1453	231	1694	246	1703	1345	1495	25	1275	1647	1056
1454	1353	1662	899	1270	656	651	911	1681	1719	198
1455	1572	894	247	1402	1994	1125	1547	402	1566	771
1456	1068	1780	953	1585	215	1384	654	461	642	1569
1457	1546	759	1639	206	1338	437	1664	1939	1575	1308
1458	1841	1110	63	427	1143	414	21	749	380	304
1459	1607	556	1501	124	1915	463	1080	474	1901	1189
1460	723	86	994	850	622	591	1252	96	694	508
1461	1503	1013	1341	1852	1016	191	804	1577	921	201
1462	879	1049	1358	1480	1321	1418	1183	1802	255	584
1463	878	1309	220	328	1234	1859	1083	558	409	1397
1464	1266	522	509	1381	1640	1683	590	571	1107	772
1465	1741	1698	97	1618	1836	535	660	838	901	1816
1466	110	716	1871	495	1578	951	514	816	1739	799
1467	1095	999	1001	1045	505	125	1111	927	1788	1921
1468	1834	1976	329	1184	1893	1258	213	1405	346	919
1469	626	258	844	1351	929	242	358	99	1233	1164
1470	61	491	762	1678	1867	1324	822	1446	691	41
1471	362	1511	1730	606	832	408	615	1868	1331	1870
1472	475	822	271	1169	1275	1345	928	391	1694	1452
1473	1978	957	6	320	1338	818	932	961	652	1503
1474	1342	512	569	1764	418	318	1346	423	1118	1199
1475	725	1962	1650	1024	1925	1155	1624	395	602	23
1476	1430	1243	1540	729	883	66	397	328	1286	1879
1477	1531	646	515	723	1053	1858	40	474	1307	1328
1478	1925	1871	495	1578	951	514	816	1739	799	1380
1479	823	300	1933	366	1272	741	102	395	1177	294
1480	384	841	1770	1145	1895	156	374	416	205	511
1481	1418	1049	255	1183	1321	1461	351	1358	721	1528
1482	344	1196	1133	503	1530	720	1637	406	1556	132
1483	223	1571	1565	1673	655	314	1237	1018	1667	1267
1484	182	448	1510	338	529	347	1320	1768	1521	181
1485	1389	429	221	1849	1514	1917	1385	1999	61	1965
1486	908	454	502	941	420	1798	1857	610	1180	1417
1487	570	974	611	894	317	674	1835	9	1104	1743
1488	474	1095	257	1883	628	1901	1949	1427	0	150
1489	802	863	1510	728	217	338	529	657	1522	731
1490	1840	813	1731	1936	1831	1167	1691	110	873	784
1491	1291	1855	446	804	1701	666	267	81	680	891
1492	82	1425	450	1636	1267	1044	536	279	1884	1493
1493	1004	262	13	858	1431	1854	679	492	1302	1779
1494	1884	1680	1727	1516	1267	279	536	314	334	837
1495	1925	1790	88	91	1871	495	1578	951	1320	514
1496	246	1452	1703	1647	722	995	382	391	231	1587
1497	1369	1734	843	769	579	1180	273	1417	1464	97
1498	1140	498	1659	1357	1989	1929	1962	207	1414	266
1499	251	1124	323	1355	1138	1946	1428	1782	32	948
1500	28	884	1700	1452	1694	231	594	1279	613	1553
1501	645	914	1152	1745	1295	307	1153	358	844	929
1502	1051	1581	1915	208	1438	284	1010	1807	246	96
1503	551	682	890	131	517	64	539	966	346	172
1504	921	1785	1460	1127	1341	1852	201	1016	804	1013
1505	614	1782	572	1170	1919	179	770	1282	1625	224
1506	1245	1623	61	519	882	1730	799	1910	625	182
1507	1171	470	1943	993	883	1377	739	863	1615	397
1508	794	1760	730	1591	458	963	628	1567	1178	1824
1509	688	436	726	368	930	141	428	459	1143	1766
1510	1113	1721	313	1326	1136	108	806	593	144	1022
1511	863	1488	448	1483	338	529	347	1320	182	1768
1512	1730	1868	170	1470	606	832	447	567	1331	1420
1513	1683	590	522	1107	1640	571	1266	1463	509	1822
1514	1573	355	62	670	1026	1880	532	1010	1345	1949
1515	1188	295	429	221	289	705	1914	1686	966	1726
1516	403	1321	468	744	108	1975	1358	721	1764	1528
1517	1493	1680	1727	837	1590	1267	1884	279	536	314
1518	1527	115	351	173	1386	433	952	501	232	1860
1519	1771	1411	1263	946	844	1362	929	242	358	1233
1520	1754	1376	927	1983	620	1660	1379	1178	125	424
1521	1144	1707	503	1530	720	1637	1196	1590	1481	406
1522	863	448	1483	1768	217	338	529	397	1943	347
1523	217	338	529	728	731	202	396	1506	1488	181
1524	1935	1838	1086	958	1195	1551	1570	967	268	1993
1525	1312	101	1730	145	447	481	1511	1916	1958	1972
1526	1005	588	1990	1015	135	183	695	1574	959	833
1527	1547	402	821	120	747	708	766	1562	188	60
1528	1517	395	844	1002	154	1321	466	929	242	358
1529	721	1321	351	331	1515	1358	1183	1480	67	403
1530	928	475	1919	1169	1026	1780	365	391	1297	1023
1531	720	503	1637	699	1196	1362	1481	406	1556	132
1532	1476	682	606	447	22	1730	176	178	1844	1172
1533	439	1315	1758	80	1174	515	472	1260	1572	538
1534	526	1687	469	1264	1029	1195	931	1935	790	1570
1535	1242	1305	287	496	308	244	988	298	1134	456
1536	844	929	242	358	1233	99	1164	1263	1404	745
1537	1038	1336	1173	1077	984	1986	354	718	1614	882
1538	1705	1704	1889	356	284	1406	937	1612	524	1034
1539	1416	1359	1717	1157	576	945	335	1746	1027	422
1540	1360	1031	140	1685	1988	1558	900	1541	779	1158
1541	1900	1310	1120	1187	1078	839	1892	374	416	511
1542	1988	900	1558	1360	1031	1539	779	1267	1011	629
1543	18	389	1975	751	1115	468	332	490	1391	275
1544	336	1511	1742	28	170	1166	1730	1470	1040	606
1545	175	1939	22	1123	1076	972	1594	932	101	451
1546	331	1321	549	721	1528	1721	1049	351	1136	1515
1547	740	100	1848	24	891	948	759	1456	1664	139
1548	1270	747	1526	1562	402	188	656	120	821	1353
1549	1928	109	203	1856	214	800	771	1974	544	1681
1550	886	1932	1368	1894	984	1986	354	718	1614	882
1551	357	1580	1697	1286	1989	1357	1430	1475	1929	256
1552	1681	1719	1935	1211	1523	1838	1649	1086	958	967
1553	1147	713	345	1792	444	1893	640	159	507	24
1554	1279	1845	884	1587	1451	231	25	924	28	601
1555	1583	743	1843	153	149	557	1758	574	515	1607
1556	715	844	929	242	358	99	1233	1164	1263	1404
1557	406	1196	132	720	1637	503	1530	1481	344	1653
1558	1265	1686	1970	1087	912	966	705	127	1244	1514
1559	900	1988	1541	485	1360	1031	1539	779	1699	1267
1560	385	909	1265	1605	1279	1887	246	1440	600	1260
1561	1819	395	968	542	16	1927	676	466	943	1272
1562	227	63	712	658	1628	1048	1781	1110	190	893
1563	747	656	1547	555	1353	1270	1669	821	1662	198
1564	858	369	693	13	492	892	1302	876	535	1431
1565	530	1182	45	937	1704	19	289	1241	1806	290
1566	1571	655	334	1673	223	1482	1267	536	279	1884
1567	516	565	897	203	214	1220	1994	1908	1547	402
1568	1664	631	1939	1760	1575	1138	759	1985	215	1338
1569	1215	606	1761	1443	515	613	508	118	748	1446
1570	1097	600	442	1142	654	1407	1693	972	995	175
1571	1195	931	1815	1375	268	1993	264	1523	890	367
1572	1673	1565	334	223	1482	655	1267	536	279	1884
1573	247	894	1454	265	1649	1402	771	1486	1681	1994
1574	667	1513	121	532	928	391	65	6	271	1880
1575	960	135	880	478	1525	1735	1990	833	1015	864
1576	985	667	1939	215	1664	282	1985	356	1567	1338
1577	1608	1912	903	23	1631	579	588	1875	183	1280
1578	1341	1460	1503	1852	1013	649	201	1848	1773	199
1579	1578	1240	816	52	1380	1121	1871	495	514	1739
1580	504	16	1230	395	943	1226	1922	1224	1560	1223
1581	357	1697	1550	861	886	936	807	308	1318	1888
1582	1438	208	1440	284	1010	1051	1501	1845	1807	940
1583	1041	325	696	439	1064	591	1909	909	36	1607
1584	1843	1607	1554	743	153	574	160	327	118	473
1585	805	200	434	1800	1960	94	1398	1808	488	349
1586	1949	1429	1780	934	1284	832	278	850	231	1455
1587	1969	1092	754	594	753	992	854	1750	1654	1632
1588	616	1236	1693	1553	1674	810	54	246	1452	1293
1589	1278	1591	236	405	690	1830	698	1014	336	57
1590	395	157	1793	1216	1933	366	173	102	1047	300
1591	1707	1516	1267	1144	1520	1011	1940	1842	279	1884
1592	236	730	1507	458	1588	690	405	250	1421	1285
1593	51	1292	1372	568	494	874	464	237	1062	655
1594	254	1371	1911	31	1382	1811	1323	1262	1409	844
1595	70	1544	175	106	1976	1760	5	1079	618	1080
1596	95	629	1938	140	129	1031	1155	686	1642	1677
1597	1364	1176	1232	1206	605	1787	1748	1837	1412	433
1598	1260	666	1174	628	1825	472	808	1941	1641	804
1599	195	1057	1794	1002	154	1273	1721	853	1707	1288
1600	1642	870	1814	1655	1155	686	1158	1699	1267	1011
1601	250	469	1264	1993	637	583	1733	1375	109	415
1602	1261	105	1684	394	1742	28	1543	1040	848	1647
1603	857	123	1939	65	957	928	391	1919	762	356
1604	897	1220	497	203	1415	800	1835	238	109	1201
1605	1006	1849	1389	1090	537	1196	538	1079	1308	297
1606	1887	442	1061	506	1559	614	1298	376	622	1165
1607	1821	460	1250	1732	1303	1269	84	370	1626	692
1608	1583	80	1554	160	646	1458	280	1390	1843	1101
1609	1912	1576	903	1387	260	395	337	548	375	661
1610	957	360	356	62	1736	1384	451	54	638	928
1611	181	863	1877	448	1510	1483	397	1943	217	1615
1612	1822	1422	1409	233	1911	254	1371	1323	288	571
1613	139	1704	740	937	251	1740	1179	1705	1537	228
1614	85	806	593	569	71	313	1712	16	143	318
1615	984	1986	354	718	882	216	1176	1536	1973	1193
1616	1953	1911	1943	1872	1506	993	1171	470	1377	1918
1617	1373	1032	1955	591	899	531	5	618	1674	100
1618	1836	535	1631	843	1734	168	401	767	1043	1369
1619	1741	1698	1464	660	1725	838	1816	1081	901	97
1620	1747	1876	678	1420	1511	1730	860	647	1917	1166
1621	412	575	1335	78	907	218	659	431	1861	1829
1622	1890	560	1798	234	1777	908	941	56	819	1898
1623	549	514	218	1906	495	1871	951	1578	816	1739
1624	171	531	1245	92	1505	70	373	199	1329	1428
1625	142	984	256	725	84	186	1020	1199	1474	581
1626	1282	1137	1160	653	934	723	179	709	224	372
1627	490	1310	1732	1332	496	460	1821	692	1303	1606
1628	1019	239	1972	272	1909	471	950	904	1679	1343
1629	93	1110	1841	190	21	428	227	253	1561	63
1630	60	766	1719	342	771	402	1994	1211	708	1277
1631	737	162	746	1401	707	1071	586	163	1277	268
1632	767	400	1617	1875	1934	579	685	1369	562	487
1633	896	112	507	992	1378	1186	229	444	326	1638
1634	570	1713	970	238	103	1486	317	1104	203	612
1635	1098	24	765	329	1275	280	554	1066	810	278
1636	886	308	1318	1888	409	1242	244	1305	287	298
1637	1940	82	1491	1425	334	1267	536	1884	279	1493
1638	720	503	1196	1530	406	1556	132	1481	344	1144
1639	713	1996	1893	1147	992	969	528	345	1393	1686
1640	277	866	1456	705	1192	995	1291	910	1686	1150
1641	1107	288	772	1266	1463	522	571	509	1381	1162
1642	1001	1825	1972	1352	1968	1810	950	1752	26	904
1643	1814	870	1655	1155	1599	686	1595	1158	1699	1031
1644	604	261	1658	1710	1205	86	506	1252	170	45
1645	332	389	595	997	1391	719	689	111	775	1217
1646	520	1267	1011	1590	1842	279	536	1884	1493	1727
1647	1330	1875	1021	552	1672	817	1272	1280	401	676
1648	1866	1948	1452	1495	246	547	1135	1703	1101	231
1649	1091	851	1286	34	1846	844	1228	1656	929	242
1650	1211	771	1681	1719	1235	1551	544	265	1974	821
1651	1962	1024	1925	1155	1474	984	1986	354	718	1614
1652	398	193	192	1109	1099	336	161	1205	1652	118
1653	1099	1028	599	161	587	1651	130	1702	239	1557
1654	132	1874	406	1196	1556	720	1637	503	1530	1144
1655	1435	635	629	764	844	1117	929	242	358	1233
1656	1814	870	1642	1158	655	1155	686	1599	1699	1592
1657	1091	844	851	811	306	1228	34	714	1648	929
1658	1189	1883	1256	1776	646	1338	451	690	1298	1252
1659	1710	1915	1205	261	1643	592	1511	336	32	1166
1660	1497	1140	498	1357	1989	1929	1962	207	1414	1437
1661	1379	1256	1754	1519	1376	927	319	1103	443	1111
1662	1007	472	1490	1291	1855	829	539	1339	933	1025
1663	656	771	1453	1353	899	342	766	1270	1562	651
1664	257	1581	113	940	748	1014	1440	763	1051	1501
1665	179	1782	1939	1575	1985	215	1567	1338	24	1170
1666	1207	210	1117	851	811	1397	207	3	589	359
1667	803	1842	885	630	1239	918	1011	130	1344	1386
1668	314	1018	1267	1842	1482	1938	279	536	1884	1727
1669	1197	1146	1973	1002	154	853	1707	1288	339	1132
1670	1060	198	1562	60	342	402	1681	1719	899	1453
1671	1233	99	1689	197	1091	965	1394	844	929	242
1672	795	736	1444	103	1175	1743	421	897	1085	214
1673	420	1692	908	1857	1898	1646	819	1777	1798	1945
1674	1571	655	1565	223	1482	1267	536	279	1884	1680
1675	616	1587	1693	810	1236	1403	1095	898	326	765
1676	1114	1757	1254	355	1066	136	1427	382	1	17
1677	912	1776	1607	1087	1191	1869	1241	272	42	1864
1678	629	95	1938	140	129	1595	1814	1292	1062	1267
1679	762	1867	691	1446	1337	973	1215	212	1839	1222
1680	1090	1040	1343	1019	1627	239	145	1760	1445	736
1681	279	1493	1727	1516	1267	1884	536	314	334	837
1682	1719	1551	1974	771	1211	1453	1649	544	265	821
1683	829	1784	1204	1834	1322	7	1424	538	1583	1390
1684	1512	590	522	1463	1266	1107	509	1381	1640	571
1685	1261	105	868	345	1601	1999	1186	166	1366	1742
1686	511	205	1957	757	140	826	4	416	374	1340
1687	705	1638	1087	1514	1557	788	754	295	790	801
1688	1082	1029	931	367	1815	526	611	1195	1533	1913
1689	1987	243	1078	1020	1149	848	374	416	511	205
1690	1670	1233	99	197	1091	965	1394	844	929	242
1691	902	984	1058	1039	616	235	810	868	1135	1403
1692	813	1936	1731	1840	1831	1167	873	1489	784	1130
1693	420	1672	262	1302	563	1811	908	1857	234	1898
1694	1587	616	1429	622	1236	1045	350	1674	591	810
1695	1452	1275	1345	1700	1471	822	271	1499	594	884
1696	553	1886	527	984	1986	354	718	1614	882	216
1697	453	477	1813	964	1830	782	1258	191	1810	1222
1698	357	1580	861	1550	886	936	807	308	1318	1888
1699	1464	1618	1741	660	838	901	97	1081	1816	1836
1700	686	1158	870	1814	1655	1155	1642	1599	1988	1558
1701	928	1279	624	532	937	1694	1499	1452	28	594
1702	1291	1150	1490	1308	267	804	666	515	1238	887
1703	1076	1028	1099	213	161	1105	1080	211	1652	191
1704	246	1452	1495	753	1647	8	730	1887	895	231
1705	937	1612	19	1537	1889	1406	53	524	1564	1034
1706	1537	1889	1612	194	228	1704	1406	1919	327	36
1707	735	1981	634	699	416	374	511	205	1685	1957
1708	1144	1520	1002	154	1590	853	1288	339	1132	311
1709	588	466	395	1387	1250	1332	1005	1525	903	1631
1710	680	446	267	1339	1950	1445	525	1131	971	297
1711	1658	261	1915	1205	1643	669	1596	973	211	1421
1712	706	855	750	374	416	1340	956	1120	205	511
1713	142	85	984	806	593	256	1922	1979	1613	1199
1714	1633	570	103	587	977	163	203	1835	238	1486
1715	265	800	1009	894	1572	897	1818	1235	795	203
1716	1115	1961	77	1817	1832	1035	849	751	1846	1819
1717	1782	1065	32	812	782	905	477	1307	245	717
1718	422	335	1416	1359	1157	945	576	1538	1217	117
1719	518	1833	781	134	303	644	1129	1037	1853	1349
1720	1681	1974	771	1211	1551	1453	1649	544	265	821
1721	120	1994	911	899	555	1353	708	910	1453	60
1722	1113	1509	1136	313	578	114	1326	108	806	593
1723	785	488	780	733	1960	242	349	434	1398	1800
1724	408	1023	820	361	62	1420	723	1053	236	96
1725	657	663	802	1488	1918	1615	728	181	739	863
1726	901	97	1618	1836	858	1854	1431	1492	1741	1004
1727	842	295	329	429	1427	1917	765	1114	705	1135
1728	536	1493	1680	1516	1267	1884	279	314	334	837
1729	1153	886	1374	308	1318	1888	409	1242	244	1305
1730	467	174	32	248	1222	617	17	1978	322	1852
1731	606	1868	1511	447	22	1470	832	1531	176	178
1732	813	1840	1489	1691	1936	1831	1167	873	784	1130
1733	1606	1626	460	1821	1229	1332	195	263	692	1250
1734	1993	469	1264	264	1343	637	1838	931	1815	415
1735	843	1369	401	1180	767	1496	1875	559	1617	769
1736	478	833	880	864	1990	1015	135	695	183	1005
1737	1347	614	1609	506	271	356	976	62	670	1384
1738	829	776	1198	647	1399	20	1341	1007	1744	1784
1739	893	90	827	1781	225	658	1048	1370	27	1354
1740	430	1967	799	686	1871	495	951	1578	514	816
1741	1612	139	388	1034	481	1408	1212	1848	1428	1788
1742	1464	1618	1698	660	1725	838	1081	1816	97	901
1743	28	1543	1040	105	1261	212	1645	1601	1684	228
1744	795	1444	1104	736	1085	1175	674	1671	570	1486
1745	1067	776	743	613	146	28	1844	748	594	787
1746	1745	914	645	307	1152	1500	358	844	929	242
1747	1027	1805	1157	945	576	335	537	422	117	1359
1748	1876	1619	1917	632	299	1424	1256	8	43	40
1749	1176	1364	1232	1596	984	1837	1986	354	718	1614
1750	665	377	241	1274	844	259	1161	1762	929	242
1751	145	669	783	239	1992	32	1658	1133	1963	1326
1752	1284	121	6	791	1966	763	972	341	1849	52
1753	43	1352	1174	869	1190	919	26	272	1150	211
1754	1293	269	523	22	1880	1297	717	231	25	1056
1755	452	1519	1376	927	1660	1379	1983	424	505	627
1756	444	242	1396	297	1166	1259	1238	1808	1690	507
1757	546	1897	1255	354	1500	359	470	1907	703	368
1758	1254	1675	1427	1328	622	1406	1813	1066	1114	80
1759	617	80	1532	149	1315	1554	732	147	1260	557
1760	1101	723	1053	964	1723	1307	96	975	850	1254
1761	1809	1824	1507	963	1567	1178	239	794	443	1111
1762	1568	40	261	857	1959	538	1876	33	1546	1390
1763	922	809	1274	844	259	1749	1771	1206	711	683
1764	1028	118	592	336	161	193	297	1099	398	1702
1765	512	1342	1473	569	418	108	1515	1899	143	318
1766	1191	1947	1913	1572	815	247	1086	933	967	1665
1767	749	436	726	141	414	865	1508	368	688	63
1768	419	1443	557	1420	1511	1951	25	949	1279	80
1769	663	1510	1483	863	738	1521	397	1943	657	681
1770	613	748	176	1131	1308	1363	1992	473	1955	43
1771	384	841	1145	1479	1895	156	374	416	205	511
1772	1518	1411	1325	922	711	1263	946	844	1362	929
1773	636	1328	1675	1275	278	947	119	519	382	953
1774	33	1830	969	345	1893	528	1638	953	713	1577
1775	1246	374	416	205	511	1685	1957	1340	862	848
1776	781	1718	134	303	1833	644	1129	1853	1349	768
1777	1883	474	1676	1025	1657	912	828	1607	392	1101
1778	819	56	1798	560	234	908	1621	1945	1890	598
1779	1891	1048	90	1354	225	1781	827	893	1370	871
1780	1004	492	1492	13	262	1302	1081	1816	838	858
1781	940	76	1585	461	1026	1529	1455	1169	365	1010
1782	1048	893	225	1370	93	90	1778	1738	1891	1354
1783	1170	1504	572	1664	722	32	905	1716	245	812
1784	348	1225	245	1202	975	323	124	1379	37	554
1785	829	1834	1682	1322	1583	641	392	1607	1390	1101
1786	1127	1503	87	1212	226	481	457	921	649	580
1787	1321	72	639	769	916	721	1528	351	331	1515
1788	605	433	952	1412	1596	395	838	1492	13	1624
1789	388	1094	1034	1740	1848	1996	1466	1893	92	449
1790	773	521	1287	378	372	1860	1747	888	1951	145
1791	1494	1925	88	1176	352	91	1871	495	1578	951
1792	1364	1900	1002	154	704	626	853	1707	1075	1288
1793	1552	640	1469	41	1795	1091	1125	328	1397	1914
1794	395	1933	1589	102	1047	1216	366	219	1177	294
1795	1057	154	955	1318	1002	853	1707	1288	339	195
1796	1267	1884	536	279	1680	1727	1493	314	334	837
1797	275	390	1102	1128	18	1805	490	1391	111	775
1798	1209	1447	1881	1221	1159	835	644	1980	889	781
1799	1945	502	908	234	1777	1621	56	819	420	1898
1800	819	55	180	401	1672	56	234	610	1180	1417
1801	434	1584	805	1398	1808	488	1960	349	200	12
1802	1412	115	605	395	108	1823	1911	1371	254	1334
1803	67	1975	379	1419	403	1321	825	1148	1049	1271
1804	1812	186	727	468	1931	111	379	14	1217	490
1805	983	1403	325	753	949	935	330	896	1366	206
1806	1027	1746	537	390	1102	1128	490	1391	1796	275
1807	604	1983	472	996	38	1182	1244	1564	964	1319
1808	96	1426	1010	147	246	722	1581	1053	1051	1501
1809	1398	805	434	1800	1584	488	1960	349	12	1185
1810	1760	1166	1752	1445	1099	1314	333	887	1278	1594
1811	1825	235	964	26	1641	1384	1222	1001	1100	782
1812	1356	563	31	420	1382	1692	1911	1422	1371	254
1813	186	1803	468	1931	111	727	14	1217	379	490
1814	1427	453	1757	1254	1114	1135	646	1696	329	1066
1815	870	1655	1642	1155	686	1599	1158	1699	1677	1267
1816	931	268	1570	264	1082	836	1195	1687	469	1264
1817	1816	838	1698	1618	1464	1741	660	1492	13	1004
1818	1961	1715	77	1115	1832	689	1035	719	849	595
1819	1920	276	1835	1283	1201	970	800	265	897	238
1820	1560	1054	1846	1146	1314	710	719	704	689	989
1821	699	1362	503	1530	490	1391	275	1423	111	775
1822	460	1606	1303	1269	1181	1732	1250	84	1626	1990
1823	1611	1422	1409	233	1911	1371	254	1323	522	1107
1824	979	938	872	493	1012	968	579	1180	1369	769
1825	1760	628	794	620	1507	963	1677	1352	1597	360
1826	1810	1641	1597	628	1352	1384	1001	235	26	394
1827	785	1237	780	1122	733	1267	536	279	1884	1493
1828	233	1392	978	1896	142	27	658	1979	607	1370
1829	485	205	511	1685	1957	230	757	826	4	416
1830	1304	431	218	316	907	659	1620	575	78	1861
1831	1105	969	1773	33	191	1393	87	159	1696	953
1832	582	1351	1167	873	784	1130	925	1840	1691	813
1833	1961	77	1715	1115	1817	1035	849	407	1846	1819
1834	1718	518	781	134	303	644	1129	1037	1853	1349
1835	829	1467	1784	329	1866	1184	1101	1322	1682	1607
1836	214	497	276	1818	203	1920	1283	674	800	1220
1837	97	535	901	1464	1725	1698	858	1854	1431	1492
1838	1364	409	1176	298	1232	1596	886	1134	1748	308
1839	264	1935	268	1523	1551	836	1733	1086	958	967
1840	178	1446	1867	691	1337	762	1678	1215	212	61
1841	813	1489	1731	1936	1691	1831	1167	873	984	256
1842	1110	63	427	21	190	1457	428	1143	380	712
1843	630	918	1239	885	1666	314	1938	189	1018	1667
1844	1583	743	1554	153	574	160	1607	327	473	53
1845	128	107	1218	1554	1744	1531	1016	1476	567	305
1846	1279	1553	1581	284	932	1438	572	208	818	601
1847	1286	480	1091	851	34	1648	1819	1146	1314	710
1848	411	672	228	206	1063	23	1754	732	452	1114
1849	740	1546	481	199	302	770	1577	251	1740	87
1850	1389	1006	1604	297	1484	1902	1408	1751	1999	33
1851	374	416	205	511	1685	1957	1340	862	848	1540
1852	1341	457	449	1393	969	191	1013	127	1105	1557
1853	201	619	1460	1503	1341	1446	691	1490	1013	278
1854	281	1227	781	768	1718	134	303	1833	644	1129
1855	369	858	1431	1492	1004	679	262	901	1725	97
1856	446	1490	267	1291	804	81	696	666	680	1950
1857	736	795	1548	421	1175	1671	1994	1547	402	1566
1858	986	420	908	1672	1898	1798	819	610	234	1777
1859	515	40	1476	723	1053	54	1587	646	246	1452
1860	1083	1309	878	930	220	328	304	1462	1234	558
1861	299	222	1002	154	58	853	1707	1288	339	1132
1862	659	486	907	218	316	412	1441	1620	575	431
1863	339	324	582	991	1197	1232	244	1984	395	844
1864	792	1280	1281	563	1741	579	817	168	1646	1836
1865	992	1247	1147	399	1186	1970	1676	966	1188	912
1866	444	1855	446	326	808	267	507	680	1582	1490
1867	1101	394	1647	1948	1834	474	361	1030	1873	453
1868	1446	691	1337	762	1678	1215	212	1839	61	734
1869	1730	1511	1470	606	170	832	1001	1331	336	812
1870	756	1172	229	1025	1322	22	150	1730	1087	923
1871	615	1322	1204	42	1470	408	54	1587	246	1452
1872	462	716	495	951	1578	514	816	1739	799	1380
1873	1911	1615	1975	490	1391	1251	275	714	1665	207
1874	330	1316	1870	1866	54	1307	245	793	1329	1607
1875	720	1653	1637	1196	1530	406	1556	132	503	1144
1876	401	767	1281	1646	843	1734	168	1631	1464	97
1877	1747	812	1619	1074	1730	175	1917	1076	40	678
1878	181	1398	863	448	1510	1483	397	1943	217	1615
1879	1400	1433	73	908	685	676	1898	562	420	1857
1880	1430	1475	1243	729	883	66	1286	1357	1989	1929
1881	1297	355	1026	121	22	1573	820	670	1753	1678
1882	1221	1209	1797	1447	1980	889	781	1327	875	35
1883	435	510	1973	984	1986	354	718	1614	882	216
1884	1776	1657	1901	474	1189	257	1025	1487	1949	451
1885	1493	279	536	837	1267	1940	1680	1727	314	334
1886	1303	1269	817	460	375	1927	16	588	337	441
1887	1695	553	527	984	1986	354	718	1614	882	216
1888	906	1605	8	730	895	1703	1559	678	860	1165
1889	244	846	1133	1198	998	1374	886	308	1318	409
1890	524	1919	309	36	1537	1704	1705	517	1406	937
1891	1621	560	676	55	941	1777	1021	938	420	454
1892	1354	1778	225	1048	827	1781	893	90	978	27
1893	1540	1900	1310	374	416	511	205	1685	1120	1957
1894	969	159	713	345	1638	528	1976	1773	1393	746
1895	1193	1932	1549	984	1368	1986	354	718	1614	882
1896	384	841	1770	1145	1479	852	156	416	374	511
1897	607	853	1392	978	27	658	1781	1827	893	142
1898	354	1002	154	853	1707	1288	339	1132	311	1791
1899	908	1798	234	420	1621	1857	819	1777	1672	1945
1900	418	143	512	318	1764	1346	423	1118	1199	85
1901	1540	1310	1120	1187	1892	416	374	205	511	1685
1902	474	1883	257	1458	1776	1949	1189	1487	1427	1025
1903	1316	724	42	1395	1955	106	1904	1182	491	1780
1904	137	1043	1621	1890	1280	1108	55	986	560	420
1905	0	106	302	1902	1182	251	1780	317	1026	1299
1906	1926	1195	1570	1947	1523	1913	1993	1533	526	815
1907	549	495	514	1622	1990	1015	1321	1871	1005	1525
1908	797	1982	1500	215	577	144	1572	871	703	1454
1909	421	673	1928	939	1566	565	1444	795	203	1671
1910	904	272	1972	471	950	239	1019	1627	1582	1956
1911	147	1316	586	887	1913	1331	517	1217	519	1657
1912	1371	254	31	1409	1593	1323	233	1811	1615	1382
1913	903	1608	1576	395	1990	1015	337	1387	548	695
1914	815	1086	367	1947	526	1082	483	1195	1687	1029
1915	1188	1514	1965	429	995	1385	1726	842	289	295
1916	1658	1501	1710	1458	22	1511	119	336	606	1166
1917	1166	832	278	850	1585	101	793	619	1141	1619
1918	842	1726	1747	429	295	1876	1619	1188	285	1251
1919	1046	663	1953	738	1615	181	863	1877	657	448
1920	1529	1889	36	572	957	1297	928	391	762	1678
1921	1818	276	1835	1283	238	1104	1486	265	9	317
1922	1150	808	1337	1041	1064	1315	1039	125	949	1466
1923	1226	1224	1276	1979	1944	1712	504	1370	93	871
1924	890	643	463	557	1203	701	1570	1375	1253	174
1925	1002	154	853	1707	1288	339	1132	311	1791	1364
1926	1494	88	91	1790	1155	1962	1650	1024	1474	1871
1927	1905	1008	250	1195	1277	1935	1570	1815	1947	1523
1928	441	165	183	959	395	460	1303	588	1560	1269
1929	421	1548	673	1908	583	203	109	214	1835	1994
1930	1414	1989	1357	1497	1140	207	498	1437	266	484
1931	533	10	1383	1581	860	123	350	1828	485	1977
1932	1812	468	1803	111	186	14	1391	775	1217	371
1933	1368	1042	1549	1894	984	1986	354	718	1614	882
1934	395	1793	102	1589	1478	294	173	157	1177	1216
1935	559	1012	579	968	273	563	502	1631	1734	843
1936	1238	1838	1523	1086	388	967	1093	1551	958	573
1937	1691	1840	813	1489	1731	1831	1167	873	799	784
1938	609	550	20	856	577	465	29	1350	1002	154
1939	129	629	95	140	1595	1842	314	189	1018	1667
1940	1123	65	215	532	1575	1664	1544	1338	1985	356
1941	1636	279	536	1884	837	1590	1267	1011	1842	1727
1942	1289	472	808	923	1260	1174	1597	439	199	1955
1943	48	789	64	1089	1893	206	1041	61	1244	724
1944	993	1377	1506	1171	470	863	1615	397	739	181
1945	1922	1979	1276	1226	1224	313	16	1712	1326	504
1946	1798	819	502	908	1777	56	234	1433	1898	1621
1947	1498	1124	323	1355	1138	701	616	1985	1114	1716
1948	815	958	962	1195	1913	1086	247	1570	483	1523
1949	1647	1866	1101	547	1056	361	1030	54	40	453
1950	1010	257	1429	934	1284	1585	638	451	1137	633
1951	1339	1709	1855	752	446	1445	525	696	1131	297
1952	1099	133	292	1095	1366	127	765	966	1098	912
1953	708	1277	612	7	1195	1551	402	1935	1570	747
1954	1615	1918	738	1046	1317	181	863	1877	448	1510
1955	1085	736	1104	970	897	1175	1633	674	800	771
1956	1032	1902	1616	1373	1769	491	1316	1917	1970	591
1957	399	326	966	1378	292	105	127	1299	742	1450
1958	4	205	511	1685	757	826	416	374	1340	862
1959	145	1752	1730	447	706	1511	671	1906	1641	1061
1960	1407	249	762	652	261	857	1761	66	944	608
1961	349	200	94	1584	805	434	1398	1800	12	1185
1962	77	1035	1715	1832	1115	1817	849	1846	1819	1146
1963	1497	1140	498	1357	1989	1929	1659	207	1414	266
1964	649	1752	869	211	1750	122	987	243	840	1641
1965	891	1373	1956	399	292	724	808	302	444	1965
1966	881	828	912	788	995	1095	127	444	1914	966
1967	1002	154	853	1707	1288	339	585	1132	311	1791
1968	668	1356	430	1268	683	1739	1017	445	686	428
1969	146	28	1641	591	1300	231	1279	1452	1553	1845
1970	1586	346	1092	1660	128	992	1538	1135	896	101
1971	1188	912	457	966	127	1557	705	1087	1514	429
1972	530	773	1111	323	312	382	554	348	810	37
1973	272	950	904	471	1909	239	1641	1627	1019	1752
1974	1146	718	1668	1882	984	1986	354	1614	882	216
1975	1681	1719	771	766	544	265	1211	109	60	1009
1976	744	825	1257	468	379	1419	1148	1271	18	1542
1977	1467	1893	752	1366	1999	1356	70	1341	1852	1594
1978	209	240	920	1259	781	1327	875	1126	35	835
1979	1472	320	1338	467	818	617	1729	17	652	1285
1980	1276	1922	1226	1224	1944	943	1712	27	658	1370
1981	889	781	1327	875	35	835	1159	1227	1718	134
1982	1706	735	634	1388	416	374	205	511	1685	1957
1983	787	797	1907	538	1139	471	1413	523	49	1386
1984	1519	1178	620	424	505	927	125	1806	472	1754
1985	456	1997	1134	244	308	1242	1305	287	298	1534
1986	616	1664	1939	1575	215	1567	1338	24	910	1946
1987	984	354	718	1614	882	216	1176	1536	1973	1193
1988	1688	1149	1020	243	1078	623	848	416	374	205
1989	1541	1558	900	485	1360	1031	1539	779	1699	1267
1990	1357	1929	1497	1140	207	498	1414	1437	266	484
1991	1015	695	942	183	135	1735	864	833	1059	1005
1992	353	917	844	929	242	358	1233	99	1164	1263
1993	1363	239	145	1750	1769	783	43	1099	40	1760
1994	469	1264	1600	637	1343	1733	1195	415	1570	583
1995	402	910	1277	1720	708	342	60	203	612	214
1996	388	1238	1935	1490	1319	1855	449	446	734	1231
1997	1638	992	713	1147	1893	969	449	507	528	1393
1998	1134	1984	456	308	1242	244	1305	287	298	1534
1999	1252	86	1723	591	1459	506	1605	1887	784	1192
2000	1366	345	166	1247	1638	528	1976	1684	1147	969
